,Año,2010,2010.1,2010.2,2010.3,2011,2011.1,2011.2,2011.3,2012,2012.1,2012.2,2012.3,2013,2013.1,2013.2,2013.3,2014,2014.1,2014.2,2014.3,2015,2015.1,2015.2,2015.3,2016,2016.1,2016.2,2016.3,2017,2017.1,2017.2,2017.3,2018,2018.1,2018.2,2018.3,2019,2019.1,2019.2,2019.3,2020,2020.1,2020.2,2020.3,2021,2021.1,2021.2,2021.3,2022,2022.1,2022.2,2022.3,2023,2023.1
0,Columnas,T1,T2,T3,T4,T1,T2,T3,T4,T1,T2,T3,T4,T1,T2,T3,T4,T1,T2,T3,T4,T1,T2,T3,T4,T1,T2,T3,T4,T1,T2,T3,T4,T1,T2,T3,T4,T1,T2,T3,T4,T1,T2,T3,T4,T1,T2,T3,T4,T1,T2,T3,T4,T1,T2
1,111 - Agricultura,341063.915,466580.473,323870.597,441958.107,348272.583,385824.919,318443.223,447012.131,362824.69,453975.543,322799.685,499940.117,373193.285,495160.21,348729.304,526744.113,399227.565,506438.259,376192.72,533688.328,425805.96,497225.748,359800.422,562181.374,423222.335,519549.752,401868.337,590218.361,458518.592,537191.347,395111.036,619701.361,483592.677,562070.56,393262.46,626492.522,497414.198,554351.814,401171.786,607238.091,477845.041,541389.348,429749.939,610245.716,477743.922,578813.189,415695.969,640313.04,479049.254,579839.641,426250.972,701909.52,488775.444,591658.916
2,112 - Cría y explotación de animales,214645.198,223598.046,234879.545,238910.775,215917.756,222477.047,240570.103,244816.258,221174.899,231591.051,239389.461,244235.396,217650.271,224224.957,232604.715,239456.392,218259.095,228665.82,235622.519,243690.314,221927.916,231966.364,241318.154,245512.695,219366.725,228196.825,237155.937,244881.164,220694.647,230405.493,244890.745,252479.711,227164.455,235926.407,248835.303,258206.215,230778.266,241023.455,255181.054,265217.993,238121.471,247324.019,265509.261,273655.333,242709.508,254639.865,267938.055,277542.248,249258.696,261415.555,274393.947,284041.31,253409.793,266599.246
3,113 - Aprovechamiento forestal,19079.724,21394.82,19462.358,22108.726,17950.593,21743.678,19328.217,22465.264,18966.265,22459.068,19438.075,21411.16,18629.725,21118.105,18420.43,20955.368,18779.232,20881.688,19137.122,20316.529,20196.849,21277.12,19244.601,20884.154,19457.224,21930.08,21048.488,23217.948,21800.277,23675.176,22178.246,23224.301,21961.491,23561.04,22227.823,23012.785,22084.282,23030.043,22060.151,23923.884,24860.501,21079.286,24352.266,27405.455,23428.257,23986.87,24326.465,25371.856,24263.069,22407.379,23115.518,24798.09,23132.752,21717.916
4,"114 - Pesca, caza y captura",7107.197,6707.911,6137.927,9152.373,5121.073,5912.703,7585.554,10746.925,5531.222,6372.659,6957.126,9355.438,5883.781,6146.514,7255.801,11241.888,6955.252,7144.355,7791.944,11520.821,9523.668,6949.775,8783.899,15033.39,8779.554,7961.372,9635.997,15363.282,8057.715,7255.516,9352.903,14311.322,8163.306,8646.635,9250.23,12350.481,6444.342,7099.007,7236.362,10426.877,7268.736,6114.072,6345.139,9469.084,6810.759,7283.117,7280.347,10999.322,6952.323,6216.735,6851.943,10496.633,6745.127,6637.909
5,115 - Servicios relacionados con las actividades agropecuarias y forestales,4618.411,4732.202,3932.631,4132.972,4069.119,4043.908,3875.472,4637.461,4563.828,4726.652,4245.495,5292.937,4591.759,5473.263,4267.304,5071.171,5120.101,5497.574,4523.809,5296.553,5253.356,4872.457,4744.661,5512.702,4627.076,5657.576,5313.532,5926.976,4824.224,5627.304,5475.792,7073.811,5389.877,5960.37,5104.48,7200.957,5514.043,5576.475,5234.712,6900.745,5949.845,5680.896,4654.52,6699.591,5585.123,5730.783,5096.244,7310.447,5728.803,5692.767,4918.594,7268.778,6099.641,5808.053
6,211 - Extracción de petróleo y gas,895049.662,896213.623,905033.949,897052.882,887672.195,891108.299,887100.951,888557.299,882038.227,881634.97,889361.181,889243.014,871989.956,869552.431,876295.077,881323.555,861803.591,863314.798,850408.725,836604.182,807299.407,784681.226,808981.784,809332.599,786623.134,765290.136,755730.805,728077.369,697766.711,698854.701,656835.754,649489.43,637964.32,633263.256,625061.785,589873.039,559655.904,563276.776,577956.904,579318.612,587186.757,564214.537,568567.336,572474.139,571404.913,584784.965,595383.09,602827.164,598110.252,608302.691,619476.121,622048.355,622649.525,636953.954
7,"212 - Minería de minerales metálicos y no metálicos, excepto petróleo y gas",201890.374,212727.957,209110.139,217333.001,213071.743,233259.384,227537.511,238060.326,252266.643,257072.321,246346.763,246523.938,268121.621,267291.23,249455.851,266017.27,254254.829,268351.276,262135.863,268251.705,262176.508,262220.496,264938.829,261278.21,263204.095,277858.136,275346.029,277589.108,268475.764,279074.536,271150.693,273178.855,267598.3,273074.844,259051.264,260545.796,248699.031,251547.021,253943.672,261533.768,268085.961,216373.506,275871.507,289525.038,271606.781,270917.781,269758.432,276285.226,278154.448,276744.171,276406.016,283861.812,277046.655,273307.906
8,213 - Servicios relacionados con la minería,81632.818,99474.299,81330.494,70088.321,71763.596,77779.353,81291.236,98657.735,74549.483,80252.377,85437.14,98138.416,74786.537,76011.731,86702.896,95493.831,84819.443,75902.646,93280.848,84001.683,90110.79,82877.899,77925.905,67720.662,82316.636,62669.905,66440.806,69202.445,70670.225,60953.058,65106.1,63793.665,62569.096,60198.311,63220.73,60885.596,70086.699,63514.551,81599.48,73880.607,83466.662,70493.291,72746.669,57491.866,66133.138,63340.841,72842.701,63009.316,70467.389,76926.253,70513.251,77433.001,80463.828,78804.583
9,"221 - Generación, transmisión, distribución y comercialización de energía eléctrica, suministro de agua y de gas natural por ductos al consumidor final",338343.109,367148.616,396824.013,369413.087,363583.56,396515.595,416927.671,386604.626,371718.337,401647.737,420939.825,390981.162,374874.628,408188.324,429627.467,398266.449,399043.678,433299.39,453816.15,422344.646,402924.006,429763.268,461543.787,433467.923,394972.593,435595.332,458674.228,425196.603,418588.969,454986.532,476130.914,443847.197,420623.057,462581.624,495975.433,448448.77,394122.374,435244.06,469357.734,432635.285,401205.962,398968.514,450484.363,403318.44,298681.899,327730.494,343146.493,315868.002,312723.41,350952.399,368317.334,336727.493,327848.567,354138.506
10,236 - Edificación,918723.081,896177.206,889859.997,918012.141,867995.317,927374.824,960327.335,1021135.112,930661.015,951731.017,991431.315,979315.301,918488.119,924251.361,929239.015,967273.757,917887.847,972113.196,954860.937,1018542.291,911586.823,990360.829,1081103.927,1008204.433,970776.523,1042907.127,1047057.134,1082095.543,1009441.583,1014439.254,1077510.389,1091512.845,1043959.367,1072267.445,1073955.65,1069522.551,1065782.451,1051195.279,1013070.763,1033995.695,971436.19,642946.638,831393.188,948245.388,910836.738,931761.413,954099.775,954175.37,937549.522,954328.195,924144.125,965115.943,948726.327,975070.927
11,237 - Construcción de obras de ingeniería civil,255615.459,270865.074,281631.669,322450.643,261023.279,272519.269,291821.318,334813.73,260082.091,274822.159,301179.383,332730.959,259029.118,280443.754,304740.653,349961.123,255900.276,269263.65,298234.079,347331.103,264203.047,264916.879,300027.908,332453.637,257825.823,251588.513,251923.801,289070.958,233916.318,212595.214,223773.11,271380.842,212065.474,206865.837,208556.941,228759.832,196365.489,189347.949,193863.254,193275.345,164833.437,146176.695,147720.216,158896.009,150258.189,152593.774,165271.952,176489.534,156364.831,154702.436,175219.374,214273.6,220280.933,334122.198
12,238 - Trabajos especializados para la construcción,119430.421,122126.881,124588.204,121516.59,120743.334,129916.083,131466.161,132904.115,126567.455,138145.401,139314.639,132646.525,126543.118,129997.923,131945.645,136561.206,138870.399,140555.065,144083.614,146331.534,146686.063,144414.733,142221.249,151836.132,153967.744,154808.221,159527.524,177322.071,172071.942,172245.244,168710.706,177559.703,183740.05,179979.453,184683.35,178802.151,169809.071,170793.582,169920.512,165633.351,163722.021,118897.07,151091.031,165575.446,172460.579,183459.308,164899.916,173838.509,178236.169,207824.98,180875.248,190331.554,185586.461,197115.022
13,311 - Industria alimentaria,794171.701,759355.142,745178.391,779888.517,812135.104,771299.674,773322.628,804963.389,838064.809,798143.06,778654.14,826592.06,836731.475,813574.32,788887.6,830855.6,851713.801,826398.886,794696.628,831927.624,874215.332,845322.465,813838.97,849398.051,882619.587,874286.58,835236.452,882922.703,916645.002,875686.198,855086.681,903118.877,932030.363,914590.065,882691.426,917543.22,956337.466,933600.883,900347.235,932417.682,972898.249,923676.459,891129.525,937796.506,973105.522,952057.251,932309.598,969921.167,993539.98,982115.791,948673.983,977833.298,986030.066,961550.42
14,312 - Industria de las bebidas y del tabaco,160954.42,193257.03,194357.43,190324.108,173830.421,205393.552,197689.45,190587.913,182643.191,207241.903,199580.236,194391.814,181809.219,205885.729,203219.389,195974.699,181932.217,214251.955,211562.773,201955.043,184421.492,214297.428,224341.209,219629.666,200148.977,232136.736,234792.666,229317.88,207090.063,240063.894,241301.067,237309.535,215458.543,254061.244,250632.896,240544.805,226098.061,258997.14,260545.264,247214.652,220174.283,192690.274,261487.605,251092.768,222211.576,254865.41,268504.962,259809.936,237569.546,267731.119,282161.508,265100.063,230862.88,251026.599
15,313 - Fabricación de insumos textiles y acabado de textiles,30568.433,30740.889,34144.566,33067.84,30872.783,29326.143,31590.027,30303.027,30148.124,30355.134,32883.613,32063.95,30067.102,30869.202,31381.383,30400.046,30319.794,29390.119,32028.84,30943.742,31114.238,31977.05,33969.745,31580.566,31401.281,32710.29,33954.311,31026.115,32288.426,31651.625,32741.499,30725.122,31640.053,33109.09,33565.847,31739.327,31707.012,31370.056,31007.157,29037.26,28146.395,11420.038,22961.338,25370.004,26040.011,28512.354,30340.377,30500.194,30529.997,29884.342,29760.813,26171.326,25844.685,25535.029
16,"314 - Fabricación de productos textiles, excepto prendas de vestir",13994.929,16168.646,15977.111,15955.17,13879.77,15064.105,17001.894,15401.46,14095.867,15537.13,17523.38,15777.054,14061.44,16546.973,16797.64,14752.875,14979.719,16258.982,17109.804,16472.763,15425.274,18071.689,18212.489,17175.663,17344.174,18864.046,18305.433,17221.728,14932.522,16097.088,16566.396,16589.758,15576.261,17590.822,18724.662,17422.771,15891.46,16201.033,16739.976,16427.563,15767.82,10529.059,16255.487,15865.601,16017.25,16024.131,17132.115,16319.656,16239.431,15674.059,16175.483,14738.78,15832.74,16004.942
17,315 - Fabricación de prendas de vestir,63764.582,67219.523,69576.709,66764.586,60430.308,62138.543,66002.734,66012.39,62317.174,61723.193,68821.957,68326.927,59884.829,64739.664,71376.795,70560.885,65137.022,64838.964,71815.041,69415.186,64198.832,66930.633,76056.091,73717.245,66511.623,68881.888,72763.121,71331.055,69087.446,68595.325,71658.925,70818.718,66213.546,71443.018,73681.484,73393.196,69197.242,69979.745,69109.733,66330.941,55954.589,34026.147,48466.938,50658.066,50798.35,56483.779,58468.471,60402.167,55478.531,58912.716,60096.342,56732.939,49606.001,52419.285
18,"316 - Curtido y acabado de cuero y piel, y fabricación de productos de cuero, piel y materiales sucedáneos",33400.618,33388.774,34025.396,31928.6,33146.934,31751.56,33093.945,32155.51,35372.175,32747.873,33557.538,32144.815,31838.369,32715.124,32998.488,32072.699,32401.481,32497.537,35543.698,33769.482,33686.298,33761.71,34831.707,33472.013,32441.819,33491.728,32832.275,31670.07,31970.392,31089.839,32194.179,31091.146,29699.093,32183.478,32728.24,31137.017,30199.938,31132.017,31438.904,27681.635,25120.5,13326.917,22039.378,22618.681,23072.721,24200.21,26667.919,26131.035,26069.032,26553.686,28932.969,27120.201,26757.048,26870.771
19,321 - Industria de la madera,31872.932,37844.316,32304.275,32266.056,34208.673,40131.609,34179.165,31622.04,35891.666,43744.631,38436.565,38465.878,37148.845,40875.087,37407.642,36520.761,35732.195,41126.752,36370.919,34896.614,38638.355,41925.923,37121.352,37169.278,37968.649,42305.458,37088.2,36469.382,40328.14,42494.383,38554.509,35651.612,39643.866,41575.77,38609.77,35521.843,42025.349,39223.891,38648.846,35757.182,37399.138,32457.697,34956.405,36460.8,39970.034,41933.765,40115.708,38750.981,39504.853,40397.318,37565.053,37306.89,36519.432,34707.691
20,322 - Industria del papel,76562.421,78460.16,78024.64,76950.93,78316.522,78045.536,77624.397,76379.325,80319.873,81830.529,81520.906,80820.108,82036.926,82881.456,82475.807,82817.572,86055.892,86383.652,86738.829,88901.475,90393.272,90281.921,91096.812,92673.635,95098.217,95849.949,94305.792,95122.855,99535.054,98634.758,99761.282,98459.487,100252.052,102942.849,101782.636,101470.35,104066.979,101311.574,99983.833,97645.377,101380.871,91742.274,94955.524,96221.847,98713.541,105348.05,107159.404,107629.744,106581.633,108428.044,108910.322,105429.962,105447.505,103867.081
21,323 - Impresión e industrias conexas,19687.894,23931.746,24929.719,27156.345,21207.966,22838.271,25485.592,28661.534,20530.603,24219.779,25871.515,23368.963,19353.893,21725.15,22311.145,23126.42,19032.403,21278.053,23125.917,25847.927,21464.277,22109.961,23055.165,25223.537,21533.894,24185.671,24070.004,24270.89,22016.717,22682.335,25072.329,25587.014,22605.586,25671.349,25483.447,24814.854,22023.037,22157.569,22793.767,21628.607,19736.783,18046.842,19262.702,20260.868,20621.743,23539.987,25073.46,25308.562,22906.006,24137.75,25518.993,25621.001,22614.137,24126.925
22,324 - Fabricación de productos derivados del petróleo y del carbón,329109.691,330447.109,319727.089,286613.183,306434.81,304532.364,304199.605,302578.465,311494.99,322468.053,304032.032,305538.137,310505.408,342329.045,317755.684,314513.431,301347.591,325025.856,308594.853,281102.02,277578.049,278278.126,282782.685,278588.568,279085.198,270119.441,226002.72,205467.725,237805.778,233587.879,175909.398,148924.529,156484.708,192101.5,171329.061,137832.519,144860.313,165443.545,172365.726,151608.227,142083.234,166059.82,142922.119,149393.067,188437.504,165759.806,178422.678,188592.864,211028.862,203263.708,205904.337,215808.877,214176.915,209728.233
23,325 - Industria química,372332.848,382880.074,372399.82,368415.133,354923.062,379796.117,370365.808,359648.76,361880.078,383858.11,372670.603,360689.159,356564.45,380174.661,380779.445,363893.028,362427.327,372164.991,368789.456,362978.213,355559.478,365298.884,368623.503,357347.787,351826.275,368384.652,368966.312,351479.437,358566.767,362147.88,357500.179,349014.325,354188.742,365240.946,356958.925,349233.794,341699.887,351969.999,355919.387,342816.925,346779.325,320532.099,340936.334,341931.581,336186.674,339128.896,358707.42,358939.662,362678.822,362159.899,362561.928,350567.9,373253.522,347244.305
24,326 - Industria del plástico y del hule,108043.055,114375.378,119597.09,115341.649,119086.177,121822.897,127764.966,122415.452,130805.719,135532.315,135804.028,128184.022,124406.118,130104.698,128504.509,121573.943,128748.584,132236.883,132707.732,130322.417,136646.915,138019.321,141565.75,137883.297,144062.009,146847.034,147482.638,141779.191,148952.07,148445.178,148662.816,143900.244,148385.489,154805.111,154016.221,149206.911,152317.523,153139.608,154216.06,141722.513,147391.155,111347.084,150555.367,151823.718,160445.569,165221.82,167473.591,161458.413,167692.123,169867.302,170862.957,162371.549,163411.721,164752.616
25,327 - Fabricación de productos a base de minerales no metálicos,124304.028,138052.351,134974.315,139420.789,132881.485,145591.41,140596.716,145325.897,140328.472,146239.274,148605.915,144605.086,133873.89,142004.994,138598.242,139681.781,138326.434,145277.811,147104.153,148432.716,148055.559,155789.383,157895.309,155487.456,149830.61,162305.432,161317.098,159029.295,155185.433,158970.171,156788.782,157807.517,154422.142,161291.091,159986.49,154684.687,151281.748,157934.607,156596.182,152669.449,151791.751,126774.344,156342.107,162941.325,161159.365,169302.836,164648.42,165589.371,164618.153,168262.997,167000.157,169631.119,164160.053,165026.008
26,331 - Industrias metálicas básicas,238754.379,248055.495,248748.44,235827.914,240337.762,246404.254,253897.022,249084.611,263411.943,262914.897,260894.721,244396.179,252156.103,250831.226,254146.062,245074.296,280453.779,278412.238,271900.693,279146.656,270720.795,273921.86,280249.298,262999.838,272102.866,269273.749,267268.932,270828.345,285435.526,276857.852,274943.762,266686.19,263218.049,269580.755,253561.403,242739.311,258082.242,249542.304,253434.455,237971.985,248145.916,212085.789,223783.838,247760.612,251616.609,258047.32,253847.451,259862.063,263477.134,271676.94,257080.164,273415.643,273649.417,262327.394
27,332 - Fabricación de productos metálicos,149261.687,158011.786,171814.568,164456.422,166237.51,166802.08,179564.727,176281.74,172267.929,174788.393,184465.116,175684.411,155462.465,166253.67,167024.65,159548.013,164496.498,169676.065,178966.432,175854.844,180131.233,182101.844,184242.904,178428.1,179668.493,181301.107,181399.519,182038.02,181893.749,174739.194,171421.693,165057.015,167118.169,174980.963,171466.03,169283.951,171099.712,176178.838,177004.097,173240.25,174033.041,126799.863,178779.481,181630.05,187633.14,185315.692,183600.239,180349.315,183299.842,180649.042,181666.861,176475.913,181528.029,190713.104
28,333 - Fabricación de maquinaria y equipo,170731.823,187997.875,195822.792,199669.699,194066.171,205574.001,206889.706,204022.567,223821.22,219212.372,203442.925,190997.462,192055.157,195731.487,186773.887,174338.209,188129.159,190302.549,192378.067,183548.325,191290.354,191292.337,193793.483,183301.497,189176.947,200855.053,184564.071,186554.292,199376.722,203951.337,206804.982,198603.171,205470.652,214178.157,210009.459,205690.105,213827.886,214182.84,212457.167,186958.38,188467.679,150964.869,170258.932,186021.429,188800.676,203835.948,211832.322,206698.894,210971.417,219343.404,225434.056,223177.655,226410.545,227043.712
29,"334 - Fabricación de equipo de computación, comunicación, medición y de otros equipos, componentes y accesorios electrónicos",275740.728,292614.416,284914.904,278137.222,266382.62,271656.967,293490.068,302777.463,292325.678,290946.15,301860.612,298557.163,282397.048,310659.21,315583.675,317061.99,311979.001,329398.436,357330.654,367027.643,364539.6,360698.513,400184.873,405429.598,378564.041,370440.733,411000.944,404594.899,404411.831,400115.768,413352.592,407527.332,396506.756,400974.732,420635.606,419061.538,440164.675,441284.507,448651.771,421184.55,427212.217,328512.289,407239.027,411820.914,436055.31,433296.17,432869.229,423517.498,448524.125,468244.899,493179.159,482242.014,473561.785,476657.774
30,"335 - Fabricación de accesorios, aparatos eléctricos y equipo de generación de energía eléctrica",203446.975,198716.414,234846.737,205425.492,201239.372,193882.818,225042.776,209581.306,215511.407,200460.615,228749.414,190722.107,172662.471,170271.759,175598.839,159500.719,159115.052,175469.96,173424.967,163751.622,161731.68,166896.105,184299.451,165315.184,155451.752,167308.818,172554.878,174100.372,170407.792,174107.415,183850.754,175244.234,170989.538,179049.799,188407.62,176009.18,171363.018,170160.253,174064.73,165257.21,162888.771,141025.33,180970.931,185501.32,186246.979,199215.114,200469.491,195184.066,199305.858,203999.183,202276.094,199153.774,200991.858,198252.322
31,336 - Fabricación de equipo de transporte,565687.91,607896.078,639036.951,663735.73,679692.416,682249.755,710309.535,716190.938,775613.092,786256.146,805134.27,789414.848,795045.397,857307.869,867795.375,841481.994,875950.882,942326.389,935137.835,944619.329,957051.095,1018170.814,997738.239,1008376.315,956315.825,1012740.381,1037823.334,1028058.544,1076704.965,1104973.98,1140479.242,1121318.915,1112544.562,1159643.153,1219723.385,1182091.923,1171176.523,1219036.837,1214899.728,1075886.188,1116908.46,471392.811,1112410.678,1122935.707,1075702.806,1076460.847,1006210.415,1022832.501,1130244.538,1132895.784,1212892.129,1185842.769,1238592.519,1288549.194
32,"337 - Fabricación de muebles, colchones y persianas",45648.402,47124.851,58142.946,52449.338,49141.02,48445.048,45881.933,63418.644,49852.989,53441.456,61266.05,57940.734,47086.617,51629.182,52789.244,59383.782,47797.656,47770.059,50636.346,61153.919,52378.879,54997.247,55343.1,59261.246,51849.417,54758.466,56174.649,56910.657,52238.631,51330.053,52014.156,57742.52,53127.585,54260.657,55465.29,59304.999,53662.764,53921.556,54423.991,57248.389,50362.153,34773.928,48742.506,54364.325,52960.566,54841.186,58155.25,63685.326,57043.688,55709.444,56028.219,57608.605,51530.801,51798.201
33,339 - Otras industrias manufactureras,78401.898,81500.789,86603.069,81312.209,83287.473,89918.299,92748.23,90502.383,93069.598,103436.047,103082.21,96540.3,93948.373,103886.504,100725.807,100130.397,98524.959,105738.298,110966.622,103745.874,102831.226,110925.887,115840.121,111319.522,116093.503,123541.404,124084.869,119308.763,122316.519,127103.766,128762.304,128152.324,126710.444,135011.67,137153.968,132552.998,127128.862,126482.974,131264.57,129467.966,122403.427,103046.986,126646.839,130753.436,128809.329,136121.182,135990.249,134928.085,129806.42,138167.687,136987.119,137009.917,133570.959,138300.817
34,481 - Transporte aéreo,34145.019,30680.897,31874.25,30361.325,29967.006,27883.074,33489.75,34826.669,33479.983,29884.242,36187.745,36648.173,34676.655,31688.297,40165.113,41728.967,38897.905,36522.619,43146.51,44009.617,41894.271,40554.343,47904.615,49010.91,46410.292,46007.805,52656.451,55896.747,51127.194,56178.091,59921.502,60853.885,61037.793,63015.446,65163.906,65080.835,61824.649,67439.555,71018.817,74795.619,68141.769,8593.101,27782.222,43008.856,39837.658,55208.136,61036.724,68249.366,64838.576,76405.174,79955.073,83758.676,79317.255,83599.296
35,482 - Transporte por ferrocarril,32342.78,36363.666,33419.948,34623.39,32761.543,35297.217,35297.89,35088.774,35065.408,35483.811,33076.716,34157.485,31464.642,34334.43,33636.618,35473.937,32369.796,36031.426,35977.912,35640.814,33802.535,37599.901,36785.03,36331.766,35488.008,38659.901,35670.854,37021.113,35590.19,38761.074,37072.584,38086.384,35254.481,39862.705,39088.688,39796.782,35533.121,40016.186,41455.575,39305.834,39883.505,34541.44,39340.382,37639.669,39895.105,42017.947,41120.336,40517.94,41068.395,41466.292,42971.395,41200.569,42334.111,43523.717
36,483 - Transporte por agua,18103.91,20371.136,20708.078,20560.376,19795.136,20728.156,20699.031,20439.017,19144.556,20190.943,20824.383,20432.909,19587.014,20760.459,21790.954,21167.489,20711.839,21298.936,21349.513,20327.492,20050.025,19661.79,20259.452,18619.368,18263.344,20117.115,20577.201,18783.804,18437.827,19433.031,19054.982,19175.284,18117.953,19540.351,19922.958,18275.434,18193.923,19209.093,18621.738,16808.146,16062.391,14668.634,14771.699,15452.108,15831.634,18497.636,19103.474,18883.556,17146.552,19176.291,19157.543,17371.756,17638.005,19144.82
37,484 - Autotransporte de carga,551882,591898.825,606199.264,625302.223,598034.302,620875.922,641053.465,660065.051,655940.533,677045.599,677471.943,698707.526,662214.499,703239.299,701938.442,714511.888,697444.297,732460.724,738815.103,766092.992,738750.025,766645.648,779709.964,790418.06,754028.805,786190.744,792795.345,808861.534,802440.415,820021.068,831578.693,852147.152,825407.612,862947.63,863894.356,873072.971,846773.702,864760.927,865474.303,841608.899,818791.231,630395.272,788909.393,841965.94,832088.683,851493.972,855209.347,875599.821,863301.902,891019.68,912501.602,910908.263,903559.007,931009.428
38,"485 - Transporte terrestre de pasajeros, excepto por ferrocarril",373823.763,387569.691,398880.411,395704.751,382802.897,398182.57,406441.349,400091.707,389878.078,392551.194,404949.948,401695.209,396231.304,401835.064,417327.867,415017.953,400840.135,406246.796,418022.117,421989.42,408319.782,417785.795,436092.12,435571.843,426445.766,432405.304,449763.821,445298.689,434562.792,440262.29,449799.65,450195.816,447713.572,448734.291,456811.275,451426.346,444892.643,448939.868,453089.616,447395.301,428420.05,181899.405,246093.52,281194.193,278477.327,356916.645,350282.873,384857.039,382645.885,432143.886,426387.458,437094.303,409786.636,441645.885
39,486 - Transporte por ductos,20710.354,21175.924,21215.404,19694.17,20727.381,20877.548,20849.606,21064.384,21069.236,21485.378,20568.205,20736.74,20643.699,21810.165,20854.849,20844.455,19917.87,21237.747,20741.623,19334.071,18500.941,18851.709,19468.377,19831.889,19978.296,19418.899,16860.548,15341.468,16309.513,16688.418,13590.222,12304.339,14169.576,14969.043,11883.289,9985.028,10800.569,12021.516,10823.965,12133.046,16950.12,15684.578,16095.961,15798.393,17070.252,20281.228,16358.631,15129.777,19280.202,23543.723,19378.901,17190.345,19021.363,21165.157
40,487 - Transporte turístico,2045.387,1932.166,1905.032,1827.518,1993.714,2003.62,2005.478,1918.792,2029.719,1986.437,2064.543,2015.557,2204.381,2115.698,2209.23,2058.275,2202.407,2175.573,2150.374,2074.606,2211.351,2216.224,2291.21,2165.8,2315.241,2198.975,2295.754,2244.426,2359.885,2440.112,2443.756,2357.415,2544.537,2476.601,2590.94,2336.626,2298.456,2389.048,2542.987,2689.705,2669.783,218.152,1009.405,1507.68,1395.501,1865.34,1976.241,2024.971,2094.694,2416.795,2516.806,2504.941,2495.177,2497.6
41,488 - Servicios relacionados con el transporte,109265.223,113577.563,112450.453,115474.233,115605.071,118948.479,119740.946,122345.6,121421.696,120242.381,119606.988,123668.375,120041.805,121053.846,121317.98,123911.469,124904.193,127609.062,128719.34,131651.117,132639.57,134100.006,134782.942,137943.119,138417.77,140194.337,144642.915,150518.81,141961.499,151142.807,147626.645,156852.378,148133.508,157417.558,156326.98,156348.426,142697.222,150276.65,148554.533,152660.77,143978.931,81680.892,112170.575,134273.61,129071.202,149450.323,163445.219,179328.376,161062.39,176671.748,186777.903,184582.152,168313.363,175477.037
42,491 - Servicios postales,3731.1,3468.092,4376.759,4252.86,3725.585,4299.961,4443.193,4771.865,4302.753,3848.202,4795.249,4266.441,3538.334,3957.88,4417.951,4762.164,4368.064,3912.661,4842.22,4712.107,3905.498,3482.466,3890.921,4710.451,3919.166,3931.674,4581.222,3935.714,3146.285,2692.036,5272.308,3243.132,3188.46,3072.777,5610.659,3974.901,2661.87,2777.936,5488.96,3847.107,2966.2,2606.931,6016.335,3811.542,2706.472,3422.357,5732.105,4730.361,4429.774,4877.643,4540.438,4565.232,4612.409,5956.834
43,492 - Servicios de mensajería y paquetería,14523.302,13738.209,14140.274,13171.818,12885.942,13272.867,13050.798,14023.633,13084.108,13958.633,14124.949,14230.366,13468.737,13978.112,13794.829,13930.138,13503.943,13435.958,13512.453,14409.506,14663.812,15262.791,15591.99,16685.1,15905.488,17140.532,17306.982,18957.535,18899.223,19624.766,18994.036,21236.387,20164.499,22654.547,21035.214,22402.468,20324.141,21548.036,21842.58,23452.296,22032.62,23009.799,26178.127,28520.91,28142.526,28079.818,27241.335,31593.897,30479.824,29622.649,27762.27,28237.945,26897.479,31525.125
44,493 - Servicios de almacenamiento,24581.53,25879.954,24688.945,25175.731,25550.973,25629.788,24557.008,24706.043,25628.043,26185.265,25692.238,25469.622,26218.866,26432.498,26736.8,26988.86,28372.096,27913.889,28116.403,28501.468,29821.446,29254.471,29427.185,30128.998,30867.147,29980.543,30680.596,31418.306,31164.252,30727.933,30422.452,32916.683,29411.355,30564.741,30094.046,29318.357,27740.104,29582.686,30167.241,30005.308,30517.914,30712.603,30989.55,29273.382,30998.095,29865.113,30460.641,33825.115,29700.4,29112.897,32381.107,32020.857,27968.293,25335.962
45,"511 - Edición de periódicos, revistas, libros, software y otros materiales, y edición de estas publicaciones integrada con la impresión",13565.29,17261.386,18324.647,16235.749,14018.025,17375.045,19287.647,17349.035,14357.888,17874.129,19352.767,17330.228,13859.563,17866.479,18692.218,17403.168,14897.626,17995.81,18656.131,17270.849,15841.735,18537.064,18815.048,18627.108,14958.686,19050.393,19088.065,19073.616,14515.074,17992.938,18172.129,17873.607,12473.78,17472.628,18301.017,17146.548,11588.911,14568.968,17708.571,16019.49,12586.224,12161.802,14061.397,13723.621,11681.761,16612.78,15035.155,14459.856,14955.74,20635.995,15421.746,14573.124,13731.341,15241.208
46,"512 - Industria fílmica y del video, e industria del sonido",17967.941,26576.984,21311.79,17891.213,18834.43,28423.809,22641.621,18397.328,19414.125,31839.322,24231.003,20876.21,21023.082,31368.391,28169.89,22467.745,23055.602,33463.075,26327.246,23637.681,25914.727,35534.149,28193.881,26592.931,29612.344,36067.107,34851.157,31305.761,32658.957,38301.884,34821.679,35182.115,31633.315,43289.269,39107.794,33731.623,30160.827,44774.547,41047.334,38931.16,23874.232,5707.248,7955.054,13607.838,9461.081,16513.575,18859.949,17434.875,18698.178,30752.626,25573.725,23767.637,24252.073,51319.96
47,515 - Radio y televisión,27598.049,29978.863,38537.793,46750.491,30274.899,30204.768,38989.078,48159.086,29667.716,30463.379,39501.496,49677.853,28990.918,29778.92,39889.075,53117.175,30851.871,29675.385,37205.453,52920.779,34040.832,36439.254,39786.715,55520.707,33752.235,32919.226,36058.203,50556.603,33327.523,35700.946,39771.526,51955.229,33909.372,35403.516,44383.547,52774.633,33374.073,30894.801,37511.553,44981.552,23461.96,19334.451,30628.597,45061.335,23153.932,31035.593,47491.529,48912.826,37722.966,59219.869,65891.937,63474.708,44579.657,61003.637
48,517 - Telecomunicaciones,103591.252,105708.616,102973.978,108876.022,104405.404,109798.149,112987.406,116673.969,121297.038,124215.097,124873.334,136602.375,130923.908,129313.756,129294.706,136347.143,135044.875,141156.046,136786.791,147530.747,165883.77,174326.033,184924.357,204342.489,213201.284,220499.203,225658.884,238091.441,245117.78,249603.602,249546.865,259101.476,251111.93,265868.805,260344.067,288650.819,272693.419,274479.096,302335.059,324672.618,301582.696,295081.725,302289.3,337740.055,293855.773,322865.135,333183.152,346228.193,350301.552,363798.206,346206.068,358300.888,373914.551,398692.166
49,"518 - Procesamiento electrónico de información, hospedaje y otros servicios relacionados",9655.555,9482.184,8899.998,8355.414,9371.212,9709.674,9362.849,8926.676,8929.45,10072.46,9537.185,9167.025,8704.29,9695.852,8953.434,9531.377,8928.444,10151.514,9393.212,9290.65,9455.237,9945.03,8283.589,7846.044,6783.799,7476.629,7052.172,7256.524,7539.175,8086.152,7741.799,8395.662,7813.843,8613.699,8180.52,8669.51,8817.941,8533.152,9026.827,8891.132,8611.365,7412.104,7939.713,8220.855,8294.612,9154.223,9072.096,10216.16,9136.043,10009.247,10609.967,11204.35,10747.084,11947.866
50,519 - Otros servicios de información,2014.368,2543.978,2748.267,2928.031,2055.186,2387.667,2566.02,2605.143,2413.213,2738.035,2800.718,2682.766,2480.548,2514.859,2587.106,2761.744,2488.489,2822.148,2936.682,3050.936,2688.955,2905.139,3044.838,3177.835,2757.56,2873.601,2749.204,2703.796,2224.805,2195.817,2350.821,1942.305,1392.64,1510.542,1550.262,1709.023,1399.326,1236.948,1291.68,1475.974,1171.379,1100.645,1078.006,1238.566,1141.56,1178.819,1326.633,1451.756,1373.669,1384.297,1390.415,1445.317,1355.742,1295.293
51,521 - Banca central,27268.427,27914.83,28924.725,30136.934,30992.445,31860.436,32667.633,33249.866,33553.628,33587.344,34249.276,35136.907,36448.912,36608.303,36609.273,37369.28,37175.953,37244.785,37773.905,38863.741,39771.669,39847.973,39795.722,39621.324,39902.996,39493.367,39819.931,40526.738,41177.053,40795.184,40381.035,39550.752,37528.372,37362.013,37692.727,39730.348,42571.699,43070.998,44290.511,44182.536,43788.853,43941.595,43489.873,43224.602,43233.02,42877.718,42930.348,42821.09,41891.596,41579.772,41282.58,40596.135,40231.287,39673.994
52,522 - Instituciones de intermediación crediticia y financiera no bursátil,330530.964,362296.658,341254.739,368276.367,337315.788,333882.303,347318.115,400093.441,373950.194,363349.434,384754.902,420477.022,404125.487,432889.498,442881.546,481759.445,454514.521,456615.373,468376.308,509280.026,492162.008,494012.476,517468.48,569609.548,560410.089,561143.338,590479.718,642401.859,628589.552,630941.356,657296.003,684510.593,649337.766,652607.194,697218.787,715965.169,688269.55,676117.566,665565.77,649932.63,636978.57,607063.818,604331.51,606254.629,603871.301,637038.399,647313.851,635582.532,625675.963,652967.555,655668.958,663706.678,667983.266,692256.955
53,"523 - Actividades bursátiles, cambiarias y de inversión financiera",28819.883,28919.378,32249.07,43105.393,38352.117,40327.69,39880.446,42282.983,35862.496,29948.396,29115.897,41150.152,55663.225,49572.707,44795.307,47254.229,30609.588,30590.162,24158.068,25146.154,24319.943,28345.345,24157.398,20674.338,25803.982,21553.229,21284.574,23934.803,27172.747,23884.709,23288.546,27189.43,23579.625,23059.297,20001.882,25085.86,26662.813,27009.626,24264.313,26596.176,21170.528,26632.504,24219.708,25575.008,22397.014,21772.155,21061.768,23428.864,24173.089,21071.185,16488.233,20801.466,19951.236,22497.825
54,"524 - Compañías de seguros, fianzas, y administración de fondos para el retiro",73370.018,75719.708,79090.101,82713.645,82264.343,82747.785,83620.784,79856.916,84709.42,83892.836,85168.67,87595.61,96606.31,105203.205,106692.429,106970.304,106679.3,109125.006,108664.886,109041.384,113135.832,117932.916,118335.756,121516.416,129360.154,136719.627,140142.329,138328.554,139523.933,139728.935,140667.182,138909.798,141729.728,143624.525,148452.257,153664.479,160679.654,158765.134,163445.358,168565.095,172373.794,160401.504,161377.17,163346.651,170478.617,158623.032,160373.244,162121.672,168697.839,160044.106,161352.184,161788.111,171589.083,163518.427
55,531 - Servicios inmobiliarios,1661189.483,1725642.754,1761055.261,1797463.097,1729998.407,1767020.848,1798351.372,1849669.465,1772663.526,1809392.653,1848232.611,1889773.702,1800862.298,1826805.265,1864097.703,1899176.238,1841534.788,1864517.499,1901817.214,1929919.575,1869007,1922498.53,1948135.93,1973750.908,1914659.867,1964551.321,1980110.333,2004817.207,1993277.104,2007227.582,2003561.733,2002829.717,1999149.506,2037228.535,2054109.376,2057020.303,2046641.543,2060108.105,2071265.383,2108447.249,2088219.04,2016957.859,2072106.859,2123748.998,2116453.733,2130175.836,2147835.578,2185889.825,2133801.021,2161159.854,2188504.409,2237925.398,2170766.049,2200545.006
56,532 - Servicios de alquiler de bienes muebles,31676.781,20006.167,45106.03,29828.434,33226.03,20407.493,47248.495,31161.546,35374.28,21500.712,48391.237,29503.999,33796.337,21267.589,46229.758,28766.361,31814.329,23055.788,55010.38,35874.383,42064.351,33126.636,43397.728,32783.857,33791.125,30021.67,49796.332,35986.049,30165.955,27282.493,35253.531,40856.633,44726.988,32419.635,30835.021,28859.723,33500.649,32148.671,33022.493,28979.083,35118.325,23043.072,25188.857,21671.91,22345.408,21641.708,28036.403,25993.341,18054.631,27537.637,30015.258,31923.62,18327.299,31475.756
57,"533 - Servicios de alquiler de marcas registradas, patentes y franquicias",37282.114,39574.592,42991.182,36980.856,37912.538,40436.899,45554.403,38857.968,40301.034,43731.577,48873.111,41383.126,41611.989,44344.96,51849.682,45390.901,45415.816,46856.121,49419.755,51093.556,45525.538,51650.311,52286.019,55717.613,47109.564,55342.877,54482.295,57905.464,50165.403,50876.653,49674.503,50913.021,46528.03,51883.042,49534.453,50345.763,46336.791,49331.269,53438.652,51898.783,51726.698,35992.211,43165.912,45292.335,42033.743,44689.375,50658.791,50899.535,49324.594,35317.296,60667.401,64138.353,58298.493,35628.698
58,561 - Servicios de apoyo a los negocios,590004.931,588038.794,581782.768,624084.619,612475.917,621736.549,622332.833,660636.576,628011.024,645250.246,640314.394,710657.187,669494.966,673214.825,663965.903,733943.582,669563.722,682205.958,670249.524,715818.957,679199.497,689361.424,671808.229,719306.414,687843.816,689213.906,665157.57,749231.653,727494.068,721460.95,729764.693,811294.061,741897.797,765062.745,780590.091,827455.57,788827.902,786367.247,805673.574,863352.173,795604.198,728119.794,801390.855,876686.865,874257.9,791204.992,396597.782,299538.086,276710.493,264875.812,263870.888,258968.948,250433.484,233099.218
59,562 - Manejo de residuos y servicios de remediación,11664.874,12581.231,15474.183,13372.72,11458.7,12355.209,15069.22,13329.583,11477.638,12510.753,14087.321,14014.652,12163.647,13353.374,13868.22,13199.34,12149.256,12162.965,12347.424,12639.443,12992.821,13784.997,13603.455,13788.375,13227.1,14430.313,13831.803,14824.72,14077.543,13911.129,15214.412,14715.776,14051.47,14740.66,15064.351,15205.231,14525.575,14729.756,15361.501,16209.728,15333.057,12533.9,15928.85,17448.509,18273.684,18410.962,18823.231,19043.479,18536.597,17640.113,15334.548,15986.953,18638.313,22080.539
60,621 - Servicios médicos de consulta externa y servicios relacionados,207062.034,198302.054,211913.428,218111.776,213400.59,205314.615,220736.113,219832.742,218162.083,208236.4,226695.696,225523.669,226760.202,215636.63,228335.724,226779.385,230409.883,217446.904,232128.099,231558.11,232959.942,223134.462,235284.518,236817.817,235706.842,226559.97,236646.368,234831.404,237799.314,232908.034,244663.008,242598.792,242458.448,237040.035,254759.877,247852.653,251235.952,243639.294,253956.544,245996.318,233413.607,218248.544,241310.268,242672.688,240685.66,260125.428,253697.323,246882.022,249775.179,267221.016,256577.886,247458.971,246505.625,266602.316
61,622 - Hospitales,259406.161,250598.985,269273.022,270194.939,270419.839,258104.211,275426.969,273634.43,276136.218,264634.506,283286.301,282153.427,282346.864,265506.814,281848.978,280076.48,280343.583,263514.366,276853.633,270191.357,264001.225,247543.49,262752.384,264556.653,269940.01,262546.49,279732.596,278247.872,275638.685,264381.699,278245.855,277237.112,279446.078,273149.689,289131.055,291009.498,291277.538,283871.719,294085.775,291230.428,284722.526,289013.979,309915.944,312897.702,311143.453,314553.674,322756.519,310657.591,312716.555,324705.417,321705.489,314157.573,318196.75,329558.207
62,623 - Residencias de asistencia social y para el cuidado de la salud,2682.238,2632.741,2705.33,3238.45,2678.784,2658.115,2640.206,3209.115,2673.136,2745.055,2773.899,3171.63,2710.938,2754.659,2692.981,3057.274,2648.476,2621.516,2652.416,2872.232,2634.033,2682.063,2590.191,2849.357,2665.756,2626.811,2647.67,2976.69,2552.796,2609.691,2656.962,3030.663,2751.314,2674.146,2776.985,2831.743,2667.523,2603.831,2537.558,2605.477,2515.358,2268.77,2257.659,2361.601,2343.239,2379.582,2336.466,2373.353,2435.519,2323.213,2401.617,2510.204,2532.941,2380.187
63,624 - Otros servicios de asistencia social,17451.15,18454.838,17029.162,17626.938,16936.298,17800.909,16460.15,17225.358,16823.596,17904.184,16650.732,17389.86,16883.709,17862.175,16535.237,17210.842,16726.758,17686.213,16402.034,17115.099,16638.549,17583.595,16298.801,16964.591,16311.022,17649.319,16206.531,16383.132,16095.152,17087.517,15722.024,16236.931,16131.867,17798.157,15666.295,15231.505,14161.684,15363.154,15229.759,18546.084,21642.944,9959.368,9307.4,10976.875,11468.474,13266.738,14695.469,16722.658,17046.196,18323.386,17295.915,18452.371,19958.272,18580.604
64,"711 - Servicios artísticos, culturales y deportivos, y otros servicios relacionados",45315.56,40255.924,31225.105,40986.427,46759.629,40534.782,30612.142,41348.614,45692.495,42427.833,32542.815,45024.153,49345.811,43408.394,34875.727,45374.1,48807.493,43154.198,36798.93,45667.724,48215.342,47563.404,39777.387,47140.02,50466.74,51339.981,42365.55,50127.964,51184.946,51501.355,42972.915,54818.379,53187.798,53838.52,46041.167,53039.323,51921.069,52495.669,46013.083,54972.231,47551.742,20816.013,21636.384,27686.677,33592.44,37985.043,30943.595,43335.93,32781.195,38044.299,47135.632,65426.684,43430.902,49671.48
65,"712 - Museos, sitios históricos, zoológicos y similares",7332.03,7750.448,7038.47,5627.999,7008.427,7756.662,7167.136,5735.687,7506.335,8372.575,7880.893,6124.632,7767.703,7631.323,7138.497,6173.72,7077.418,7901.942,6990.49,6137.062,7610.727,8567.112,7745.044,6060.237,6738.554,7949.292,8964.359,7055.996,7088.199,9039.012,7544.923,6521.898,8485.858,8840.82,7601.04,5197.986,3114.983,4273.323,8298.584,14049.842,19992.275,846.254,1724.032,3179.33,3228.25,8028.941,6904.297,9013.328,9271.724,14345.332,16070.202,14074.273,14179.257,17441.444
66,713 - Servicios de entretenimiento en instalaciones recreativas y otros servicios recreativos,54898.967,53968.349,53369.698,50123.753,54897.877,53976.371,52061.853,48796.82,53821.731,53448.796,53641.899,51921.934,55724.154,55034.478,54795.48,55247.984,53147.228,54267.753,54138.408,53002.515,54360.761,54322.908,53991.184,54692.083,52745.838,54295.94,58168.487,56328.839,56401.553,56106.666,55242.679,54693.018,57130.539,55304.876,57338.703,56092.346,53346.623,54059.549,54440.588,56129.352,49887.919,6623.26,20267.016,34150.077,29362.587,38922.013,42133.513,47253.775,58896.836,47361.78,52690.022,54073.764,68088.793,79164.749
67,721 - Servicios de alojamiento temporal,168996.7,166450.07,164322.299,160037.275,168303.14,169726.327,170329.525,169958.027,181445.597,182921.757,188096.743,185422.735,195606.689,189116.922,196391.862,193050.239,205932.075,208659.474,210979.469,213129.657,224405.313,227173.855,230809.994,230843.166,240121.808,230079.933,235585.68,235557.555,240979.972,250896.668,248993.852,245330.076,257087.982,253651.886,255330.786,252734.021,252189.44,259544.134,257914.424,263689.885,229183.542,16937.8,84006.212,130733.829,123118.503,185272.609,204587.442,242363.422,227383.684,265388.641,268224.448,278238.767,269452.357,274333.813
68,722 - Servicios de preparación de alimentos y bebidas,308456.696,322152.023,318838.374,317787.242,306909.852,323898.772,326962.983,325429.653,317536.751,337002.634,335232.11,333510.017,311223.064,324888.595,324947.024,334106.053,308272.135,309816.069,311594.549,320527.496,308194.792,330499.665,329918.325,342897.138,307952.7,319645.331,334782.646,357003.162,324861.416,338933.592,323672.908,322550.247,333187.78,337825.877,322248.222,323831.417,325244.177,341028.974,332139.849,336940.16,307058.055,169229.211,202208.682,237564.248,229702.459,259802.805,267847.301,290264.143,287253.768,322108.519,289143.712,303338.19,297045.188,330655.554
69,811 - Servicios de reparación y mantenimiento,112115.023,109614.04,108402.582,104665.303,111250.831,111624.575,111030.062,108047.388,111928.107,114915.644,111806.91,112090.484,113225.396,117635.725,115998.424,115035.816,113970.258,121736.825,115452.901,110519.436,107701.248,116276.392,119653.595,129195.197,115743.989,122347.212,120039.446,128298.764,115055.835,114656.981,116182.488,122776.827,109528.438,115849.487,123832.146,124389.484,109282.251,118268.244,122273.028,117568.701,102728.999,81449.065,105190.04,106339.364,94831.87,97293.416,120012.186,119461.771,99251.949,93473.614,128673.425,123558.039,111588.735,92428.848
70,812 - Servicios personales,146242.374,148424.092,148308.191,148982.807,146883.647,152204.718,152476.163,153770.565,150519.487,154975.402,156333.599,157242.272,153970.389,158851.009,161223.349,161805.905,158143.429,160511.542,164088.807,163282.766,166464.302,162579.184,165341.757,171700.053,170464.482,172935.477,172912.162,173614.686,173373.185,174914.665,173327.005,176499.797,178761.013,177656.007,172276.497,174079.779,182595.783,175305.128,180899.315,177003.105,178367.544,132296.732,149528.409,146805.027,157530.043,150027.09,172374.981,161311.75,170304.053,155233.643,174752.363,163836.119,175251.261,161005.3
71,813 - Asociaciones y organizaciones,50332.077,50883.809,47394.789,50096.766,49454.278,51856.791,49609.463,51692.849,51213.02,52491.82,50346.537,50108.051,53044.558,51934.273,51076.037,49577.643,48913.735,55872.576,52151.71,48701.779,49886.945,54368.656,53169.544,54451.946,54310.67,57944.885,47683.446,52279.471,54955.136,47912.886,53571.162,54307.109,53666.193,56158.218,58462.69,58499.011,64647.044,64239.422,52432.525,51638.145,60709.913,34235.27,39202.358,43894.467,50717.353,41249.772,48508.449,48517.186,54333.751,43436.603,44780.004,45775.834,52234.147,43221.393
72,814 - Hogares con empleados domésticos,87256.855,87829.591,88932.202,88887.625,87133.27,89005.26,90532.686,92157.104,93795.202,95885.962,98217.057,98965.202,97638.661,98354.517,98431.813,98708.641,96858.357,98642.633,100617.438,102039.452,102774.787,103656.118,105292.238,105533.165,104190.598,103707.095,104501.837,104054.789,102397.285,103004.473,103044.608,101517.314,98618.917,98530.342,100412.549,102699.336,102874.746,104375.299,105828.791,105534.281,102449.921,96599.14,94890.36,94718.152,94515.277,96538.867,94850.695,96024.345,95695.577,97141.057,97317.292,98705.896,98713.611,99617.323
73,"93 - Actividades legislativas, gubernamentales, de impartición de justicia y de organismos internacionales y extraterritoriales",737981.088,787014.253,775919.848,830997.791,744186.313,775128.609,781604.204,868312.118,789249.98,826449.46,800343.69,876261.87,767753.357,786773.814,801571.774,886609.035,790214.894,792762.518,820245.551,898785.876,834195.547,821554.928,815471.069,889393.524,812855.117,820761.873,826957.993,906560.829,814755.377,810826.816,815102.106,896405.752,850264.764,862102.285,826029.376,883097.211,826919.847,814361.439,805640.045,884556.984,832935.211,825109.06,811929.808,871791.721,813684.168,816927.755,797496.118,858530.223,806466.562,812199.707,817037.882,851405.794,813498.864,818466.888
