Descriptores,UPPB---Utilización de la producción a precios básicos,DI---Demanda intermedia|Total,DI---Demanda intermedia|111---Agricultura,DI---Demanda intermedia|112---Cría y explotación de animales,DI---Demanda intermedia|113---Aprovechamiento forestal,"DI---Demanda intermedia|114---Pesca, caza y captura",DI---Demanda intermedia|115---Servicios relacionados con las actividades agropecuarias y forestales,DI---Demanda intermedia|211---Extracción de petróleo y gas,"DI---Demanda intermedia|212---Minería de minerales metálicos y no metálicos, excepto petróleo y gas",DI---Demanda intermedia|213---Servicios relacionados con la minería,"DI---Demanda intermedia|221---Generación, transmisión, distribución y comercialización de energía eléctrica, suministro de agua y de gas natural por ductos al consumidor final",DI---Demanda intermedia|236---Edificación,DI---Demanda intermedia|237---Construcción de obras de ingeniería civil,DI---Demanda intermedia|238---Trabajos especializados para la construcción,DI---Demanda intermedia|311---Industria alimentaria,DI---Demanda intermedia|312---Industria de las bebidas y del tabaco,DI---Demanda intermedia|313---Fabricación de insumos textiles y acabado de textiles,"DI---Demanda intermedia|314---Fabricación de productos textiles, excepto prendas de vestir",DI---Demanda intermedia|315---Fabricación de prendas de vestir,"DI---Demanda intermedia|316---Curtido y acabado de cuero y piel, y fabricación de productos de cuero, piel y materiales sucedáneos",DI---Demanda intermedia|321---Industria de la madera,DI---Demanda intermedia|322---Industria del papel,DI---Demanda intermedia|323---Impresión e industrias conexas,DI---Demanda intermedia|324---Fabricación de productos derivados del petróleo y del carbón,DI---Demanda intermedia|325---Industria química,DI---Demanda intermedia|326---Industria del plástico y del hule,DI---Demanda intermedia|327---Fabricación de productos a base de minerales no metálicos,DI---Demanda intermedia|331---Industrias metálicas básicas,DI---Demanda intermedia|332---Fabricación de productos metálicos,DI---Demanda intermedia|333---Fabricación de maquinaria y equipo,"DI---Demanda intermedia|334---Fabricación de equipo de computación, comunicación, medición y de otros equipos, componentes y accesorios electrónicos","DI---Demanda intermedia|335---Fabricación de accesorios, aparatos eléctricos y equipo de generación de energía eléctrica",DI---Demanda intermedia|336---Fabricación de equipo de transporte,"DI---Demanda intermedia|337---Fabricación de muebles, colchones y persianas",DI---Demanda intermedia|339---Otras industrias manufactureras,"DI---Demanda intermedia|431---Comercio al por mayor de abarrotes, alimentos, bebidas, hielo y tabaco","DI---Demanda intermedia|461---Comercio al por menor de abarrotes, alimentos, bebidas, hielo y tabaco",DI---Demanda intermedia|481---Transporte aéreo,DI---Demanda intermedia|482---Transporte por ferrocarril,DI---Demanda intermedia|483---Transporte por agua,DI---Demanda intermedia|484---Autotransporte de carga,"DI---Demanda intermedia|485---Transporte terrestre de pasajeros, excepto por ferrocarril",DI---Demanda intermedia|486---Transporte por ductos,DI---Demanda intermedia|487---Transporte turístico,DI---Demanda intermedia|488---Servicios relacionados con el transporte,DI---Demanda intermedia|491---Servicios postales,DI---Demanda intermedia|492---Servicios de mensajería y paquetería,DI---Demanda intermedia|493---Servicios de almacenamiento,"DI---Demanda intermedia|511---Edición de periódicos, revistas, libros, software y otros materiales, y edición de estas publicaciones integrada con la impresión","DI---Demanda intermedia|512---Industria fílmica y del video, e industria del sonido",DI---Demanda intermedia|515---Radio y televisión,DI---Demanda intermedia|517---Telecomunicaciones,"DI---Demanda intermedia|518---Procesamiento electrónico de información, hospedaje y otros servicios relacionados",DI---Demanda intermedia|519---Otros servicios de información,DI---Demanda intermedia|521---Banca central,DI---Demanda intermedia|522---Instituciones de intermediación crediticia y financiera no bursátil,"DI---Demanda intermedia|523---Actividades bursátiles, cambiarias y de inversión financiera","DI---Demanda intermedia|524---Compañías de seguros, fianzas, y administración de fondos para el retiro",DI---Demanda intermedia|531---Servicios inmobiliarios,DI---Demanda intermedia|532---Servicios de alquiler de bienes muebles,"DI---Demanda intermedia|533---Servicios de alquiler de marcas registradas, patentes y franquicias","DI---Demanda intermedia|541---Servicios profesionales, científicos y técnicos",DI---Demanda intermedia|551---Corporativos,DI---Demanda intermedia|561---Servicios de apoyo a los negocios,DI---Demanda intermedia|562---Manejo de residuos y servicios de remediación,DI---Demanda intermedia|611---Servicios educativos,DI---Demanda intermedia|621---Servicios médicos de consulta externa y servicios relacionados,DI---Demanda intermedia|622---Hospitales,DI---Demanda intermedia|623---Residencias de asistencia social y para el cuidado de la salud,DI---Demanda intermedia|624---Otros servicios de asistencia social,"DI---Demanda intermedia|711---Servicios artísticos, culturales y deportivos, y otros servicios relacionados","DI---Demanda intermedia|712---Museos, sitios históricos, zoológicos y similares",DI---Demanda intermedia|713---Servicios de entretenimiento en instalaciones recreativas y otros servicios recreativos,DI---Demanda intermedia|721---Servicios de alojamiento temporal,DI---Demanda intermedia|722---Servicios de preparación de alimentos y bebidas,DI---Demanda intermedia|811---Servicios de reparación y mantenimiento,DI---Demanda intermedia|812---Servicios personales,DI---Demanda intermedia|813---Asociaciones y organizaciones,DI---Demanda intermedia|814---Hogares con empleados domésticos,"DI---Demanda intermedia|931---Actividades legislativas, gubernamentales y de impartición de justicia",DF---Demanda final|Total,DF---Demanda final|CP---Consumo Privado,DF---Demanda final|CG---Consumo de gobierno,DF---Demanda final|P.51b---Formación bruta de capital fijo,DF---Demanda final|P.52---Variación de existencias,DF---Demanda final|P.6---Exportaciones de bienes y servicios<C1>,DF---Demanda final|YA0---Discrepancia estadística
111---Agricultura,678397.975,320401.756,11843.517,56470.939,176.565,11.884,43.757,0,0,0,0.022,12.934,813.32,8.243,177083.699,25918.67,11607.014,38.741,649.271,4.52,429.401,5.01,0.017,0.048,1302.66,722.522,2.228,0,0.013,0,0.003,0.008,0,0.001,191.277,0.655,0,0,0,0,0,0,0,0,0,0,0,0,0.16,0,0,0,0,0,0,0,0,0,0.04,0,0,87.951,0,0,0,2.741,0,571.808,49.3,259.92,0,0,0,10232.949,21611.177,0,4.889,202.119,0,41.763,357996.219,146810.147,0,6830.104,0,204355.968,0
112---Cría y explotación de animales,442775.8169999999,366767.26099999994,5033.635,11520.07,0,0,0,0,0,0,0,0.213,0,0,346992.643,3.341,589.881,0,0,2.391,0,0,0,0,287.736,0.084,0,0,0,0,0,0,0,0,176.555,0.797,0,0,0,0,0,0,0,0,0,0,0,0,0.07,0,0,0,0,0,0,0,0,0,0.022,0,0,546.973,0,0,0,0,0,283.971,21.023,28.562,0,0,0,0,1274.422,0,1.598,0,0,3.274,76008.556,53631.885,0,6778.314,4318.531,11279.826,0
113---Aprovechamiento forestal,28844.595999999994,24243.172999999995,0,0,1263.489,0,0.057,0,0.672,0,0.305,0.123,0,0,754.884,0,0,4.462,0.443,112.871,15476.739,1172.401,0,1.256,3359.154,652.249,65.839,0.476,15.445,0,2.413,3.756,0,624.609,718.671,10.766,0,0,0,0,0,0,0,0,0,0,0,0,0.159,0,0,0,0,0,0,0,0,0,0.618,0,0.001,1.304,0,0,0,0.01,0,0,0,0,0,0,0,0,0,0,0,0,0,0.001,4601.423,3231.276,0,0,0,1370.147,0
"114---Pesca, caza y captura",22771.774,6107.669000000001,0,0.022,0,16.142,0,0,0,0,0,0.006,0,0,4856.426,0,0,0,0,0,0,8.283,0,0,0,0,0,0,0,0,0,0,0,0,0,0,0,0,0,0,0,0,0,0,0,0,0,0,0,0,0,0,0,0,0,0,0,0,0,0,0,3.594,0,0,0,0,0,0,0,0,0,0.422,0,657.033,565.734,0,0,0,0,0.007,16664.105,11948.884,0,0,0,4715.221,0
115---Servicios relacionados con las actividades agropecuarias y forestales,10807.007,9941.466,4035.584,729.689,77.339,19.418,0.273,0,0,0,0,0,0,0.001,4290.118,0,541.664,9.827,235.189,0,0,0,0,0,0.001,0,0,0,0,0,0,0,0,0,0.843,0.05,0,0,0,0,0,0,0,0,0,0,0,0,0,0,0,0,0,0,0,0,0,0,0,0,0,1.419,0,0,0,0,0.001,0,0,0,0,0,0,0,0.007,0.001,0,0.042,0,0,865.541,865.541,0,0,0,0,0
211---Extracción de petróleo y gas,885427.9750000001,392141.923,0,0,0,0,0,0,0,0,0,0,0,0,0,0,0,0,0,0,0,0,0,280835.162,111306.761,0,0,0,0,0,0,0,0,0,0,0,0,0,0,0,0,0,0,0,0,0,0,0,0,0,0,0,0,0,0,0,0,0,0,0,0,0,0,0,0,0,0,0,0,0,0,0,0,0,0,0,0,0,0,0,493286.052,0,0,0,0,493286.052,0
"212---Minería de minerales metálicos y no metálicos, excepto petróleo y gas",420304.11200000014,322016.27400000015,47.401,188.553,3.21,13.091,1.672,528.532,7093.364,93.033,10956.836,26301.141,14484.189,4783.445,716.422,786.358,0.06,0.776,0.445,1.606,0.116,171.167,3.126,792.799,3961.762,120.443,58683.595,188546.289,668.875,6.991,22.509,353.836,553.022,0.264,695.396,8.877,0,0,0,0.568,191.528,361.969,21.962,1.926,32.623,0,35.1,0,1.025,10.54,18.047,158.565,1.159,0.129,0,3.216,0.085,0.612,222.77,19.966,0.124,55.858,3.743,50.346,0.895,18.593,49.946,3.096,0.439,0.719,1.316,1.071,16.658,43.711,63.195,1.258,6.215,2.116,0,25.984,98287.838,0,0,0,1632.982,96654.856,0
213---Servicios relacionados con la minería,152870.327,3440.4139999999998,0,0,0,0,0,3100.761,299.734,39.745,0,0,0,0,0,0,0,0,0,0,0,0,0,0,0,0,0,0.174,0,0,0,0,0,0,0,0,0,0,0,0,0,0,0,0,0,0,0,0,0,0,0,0,0,0,0,0,0,0,0,0,0,0,0,0,0,0,0,0,0,0,0,0,0,0,0,0,0,0,0,0,149429.913,0,0,149424.465,5.448,0,0
"221---Generación, transmisión, distribución y comercialización de energía eléctrica, suministro de agua y de gas natural por ductos al consumidor final",746291.5049999999,451489.3579999999,10514.73,4845.519,104.924,95.247,167.05,3264.761,13812.71,6174.889,15320.777,3367.061,3705.828,1604.596,24910.868,4507.173,3708.345,1034.547,4472.825,1555.801,1296.051,5569.186,1238.57,10788.352,13459.121,12697.321,8171.945,26735.573,6691.834,8259.302,15310.24,3846.325,40729.221,1071.571,2335.851,16902.802,66376.905,110.626,90.62,160.224,648.97,1695.822,354.133,18.634,1040.188,15.941,116.276,1875.342,453.44,624.048,998.347,5001.026,284.372,26.435,34.145,3835.148,159.795,1427.676,20185.752,702.535,37.659,4334.865,499.193,5932.528,117.991,12282.953,3973.226,4364.937,148.355,493.462,346.266,201.558,2182.157,5149.559,4907.523,2016.612,2913.803,1189.156,0,15890.239,294802.147,290419.674,0,0,0,4382.473,0
236---Edificación,2153400.673,15337.364,0,0,0,0,0,0,0,0,0,14550.251,0,0,0,0,0,0,0,0,0,0,0,0,0,0,0,0,0,0,0,0,0,0,0,0,0,0,0,0,0,0,0,0,0,0,0,0,0,0.149,1.462,0,0,0.472,0,0,0,0,5.066,0,0.001,0,0,681.564,0,0.899,35.81,0,0,11.106,0.006,0,29.887,0,0,0.565,20.126,0,0,0,2138063.309,0,43.471,2138019.838,0,0,0
237---Construcción de obras de ingeniería civil,548981.541,33013.963,0,0,0,0,0,0,0,0,0,6.281,32887.664,0,0,0,0,0,0,0,0,0,0,0,0,0,0,0,0,0,0,0,0,0,0,0,0,0,0,0,0,0,0,0,0,0,0,0,0,0,0,0,0,0,0,0,0,0,0,118.574,0,0,0,0,0,0,0,0,0,0,0,0,0,0,0,0,0,0,0,1.444,515967.578,0,22078.853,493888.725,0,0,0
238---Trabajos especializados para la construcción,302786.77100000007,286053.31600000005,0,7.606,1283.037,0.115,11.991,92.355,4693.409,1090.783,32.069,186131.076,68376.457,1271.246,868.544,23.4,0.534,11.893,38.912,9.211,2.003,10.008,20.396,125.664,7.145,4.895,11.298,3.64,7.688,11.166,2.069,0.815,9.353,5.373,8.886,497.114,486.253,77.98,4.023,14.699,29.25,118.326,11.459,1.479,20.371,0.387,5.181,30.616,2.876,6.385,4.978,37.299,0.247,3.311,0,1106.738,0.202,10.741,87.232,57.08,0.305,416.873,2.097,42.623,0.643,4379.54,1761.664,1190.511,0.806,65.378,27.883,346.636,128.922,26.945,154.662,111.581,15.364,1.118,0,10592.501,16733.454999999998,0,0,16729.94,3.515,0,0
311---Industria alimentaria,2380775.056,471299.0319999999,0,103588.818,0,2785.822,0.005,0,39.01,0,0.012,3.752,0,0,243931.58,13829.56,10.6,0.761,89.811,2330.948,0.015,1216.932,0,0.002,5735.497,1.584,540.886,0,0.157,0,0.545,0.008,0,0,0.617,1561.276,1.206,2663.523,203.582,178.175,580.108,1587.393,0.002,18.995,361.422,0.434,72.718,149.947,69.821,214.248,1157.315,714.41,0.035,14.74,0.204,4.914,0.574,0.899,3010.597,228.983,49.203,764.33,460.581,9732.717,74.406,1697.819,371.677,7876.025,359.809,1280.527,370.755,73.841,1943.303,10086.771,36608.472,45.081,793.121,2780.916,0,9027.235,1909476.0239999997,1708343.633,0,0,4731.231,196401.16,0
312---Industria de las bebidas y del tabaco,448763.54699999996,55993.495999999985,0,34.488,0,30.787,0.008,0,0.148,0,5.457,69.793,16.023,0.213,422.409,1258.169,38.891,51.932,242.612,44.495,16.714,81.197,18.176,532.432,2745.161,1189.407,964.811,191.58,85.689,81.458,156.958,88.754,647.641,12.649,102.007,142.88,1,60.268,2.697,0.973,18.828,17.179,0.83,0.286,564.989,0.679,7.728,237.273,147.082,344.677,1812.097,2054.853,34.852,23.393,14.186,298.702,6.724,23.168,5053.971,415.303,44.836,540.441,959.153,1406.405,21.849,730.013,613.037,538.656,1.727,70.587,777.929,29.9,795.649,12077.892,12731.273,16.752,140.359,259.833,0,3822.528,392770.051,288255.523,0,0,586.085,103928.443,0
313---Fabricación de insumos textiles y acabado de textiles,102223.704,61218.86299999999,0,3.464,0,0,0,0,0,0,0,0,0.058,0,4.356,0.174,6305.387,8240.941,14898.035,971.158,33.275,5009.5,1266.457,0,153.736,594.724,149.764,0.049,66.392,20.904,58.412,15.341,14913.209,2184.631,1373.706,145.893,0,0,0,0,0,0,0,0,0.011,0,0,0,0,0.001,0,0,0,0.002,0.067,4.286,0,0.062,0,0.709,0,0.346,0,336.015,192.055,103.717,546.438,595.539,21.253,0.136,52.222,3.91,150.647,1041.347,10.484,355.764,823.667,174.699,0,395.92,41004.841,21773.135,0,0,952.403,18279.303,0
"314---Fabricación de productos textiles, excepto prendas de vestir",63678.108,18699.263,377.317,0.002,36.935,1.116,11.617,0,0,0,0.066,14.47,1.562,3.02,992.227,0.003,32.502,3537.801,324.444,33.038,8.26,829.708,0.102,0,106.45,249.116,13.378,40.385,50.268,29.579,60.28,39.652,467.433,140.224,536.572,2420.553,2378.21,0.001,0,0,96.889,0.683,0,0.018,1.499,0,0.348,3.313,3.886,1.641,0,0,1.391,0.04,0,0.019,0,0,256.519,5.578,1.761,15.461,8.084,2529.795,3.499,130.993,78.235,197.844,1.519,0.117,131.929,22.005,109.678,771.745,722.003,11.723,376.871,200.422,0,277.464,44978.845,17584.308,0,0,-575.234,27969.771,0
315---Fabricación de prendas de vestir,184410.66400000002,36385.257999999994,0,13.566,1.245,2.895,0.458,123.899,145.26,17.116,51.228,1066.125,1287.352,5047.198,526.271,21.991,2.448,178.219,16585.807,5.907,2.342,18.14,13.6,236.805,254.496,43.197,34.669,59.495,37.622,76.263,207.456,96.818,606.725,4.662,21.067,1162.856,318.266,34.424,10.142,2.042,14.079,122.832,13.87,0.235,30.622,0.578,3.253,11.503,4.495,6.586,17.489,171.327,1.714,0.836,1.801,54.788,0.181,5.617,25.827,3.099,0.392,51.77,20.796,505.936,10.432,852.616,869.77,573.009,10.965,3.13,87.051,94.646,650.174,311.947,28.238,16.269,93.205,54.093,0,3342.015,148025.40600000002,70676.531,0,0,167.349,77181.526,0
"316---Curtido y acabado de cuero y piel, y fabricación de productos de cuero, piel y materiales sucedáneos",85214.626,23301.387000000002,0,0.026,0,0.244,0.007,26.661,13.986,2.278,24.011,23.049,246.964,0.658,52.071,0.541,8.146,13.963,743.701,15961.451,2.795,23.665,61.646,102.769,570.174,257.284,201.082,68.124,70.064,50.486,74.14,39.175,2026.759,718.599,535.879,43.901,30.736,0,0,0,0,0,0,0,0,0,0,0,0.201,0,0.008,0,0,0.023,0.053,17.881,0.745,0.114,4.347,0.002,0.044,8.987,41.888,62.97,0.473,106.442,23.768,35.409,0.319,0.024,1.604,0.166,29.163,59.138,4.945,155.804,4.09,5.73,0,742.014,61913.239,40511.444,0,0,6.233,21395.562,0
321---Industria de la madera,90926.70500000003,77970.53800000003,890.069,4.671,0,28.302,6.367,10.649,13311.108,756.644,158.569,16301.289,469.872,353.668,541.81,367.176,12.339,190.301,311.226,22.124,10956.946,164.929,36.782,144.607,605.219,542.983,365.622,135.853,2532.169,1248.05,1391.694,2508.811,2508.483,9427.666,1478.569,1764.889,1102.676,17.744,0,2.018,537.162,1038.515,42.487,5.37,84.879,0,98.028,0,5.584,24.188,19.326,307.515,3.174,0.39,0,9.24,0.239,1.946,594.529,52.367,1.56,180.808,17.777,186.964,3.878,92.324,2095.159,47.441,2.166,4.797,11.654,5.079,68.69,148.357,1408.547,85.615,28.241,8.417,0,76.231,12956.167000000001,4511.383,0,0,50.327,8394.457,0
322---Industria del papel,292267.407,179951.25500000003,1103.317,397.138,55.018,27.111,23.825,44.378,3.311,0.119,41.308,32.962,40.189,8.648,7468.02,1682.27,198.017,574.313,2152.123,270.165,195.813,38541.157,7166.645,87.671,3014.245,3564.824,3402.561,838.756,4504.364,9118.986,15403.013,10991.444,19998.817,2089.605,7222.396,4985.357,7262.333,0.019,0.098,0.047,4.649,14.711,0,2.97,40.768,0.04,3.076,2.784,6.268,4.662,0.274,8.001,0.585,2.279,0.994,119.934,13.465,10.55,86.509,32.786,0.37,1998.512,446.304,2996.169,75.898,4122.36,1053.444,1974.74,50.099,523.521,1041.575,169.536,1901.404,1731.137,4313.877,85.7,509.992,132.902,0,3958.027,112316.15199999999,72910.752,0,0,279.139,39126.261,0
323---Impresión e industrias conexas,79224.17800000001,60796.53000000001,0,0.304,0,1.137,56.761,45.05,22.131,29.699,24.327,62.905,298.125,118.952,463.908,16.555,5.872,42.401,46.889,7.835,25.84,686.153,1163.146,96.054,269.123,439.198,275.325,354.795,153.409,1220.142,906.749,541.101,1353.231,89.848,119.609,9488.349,1157.007,21.065,2.122,17.649,77.176,73.864,5.471,1.235,327.943,0.823,16.075,241.133,466.539,25.275,50.301,55.829,192.678,1.734,9.246,11521.953,105.949,617.339,924.745,128.138,3.006,5311.407,503.48,3260.633,8.015,2359.335,910.741,222.56,3.129,27.857,4.586,21.409,51.926,22.808,30.993,109.665,158.576,68.522,0,13251.67,18427.648,7583.239,2576.761,0,151.094,8116.554,0
324---Fabricación de productos derivados del petróleo y del carbón,1007318.4989999997,501899.4399999997,7809.85,3499.089,228.261,1800.017,125.712,4444.578,31335.925,9844.647,51808.487,14283.544,18697.185,2453.365,16303.613,3247.987,279.9,146.405,686.967,235.874,1217.493,3955.225,743.609,15798.868,20136.214,4242.617,9358.894,8614.646,3436.908,1326.924,1652.981,909.862,11071.893,878.635,662.296,3455.11,1322.56,13859.645,8559.855,1591.808,68170.936,94824.78,1800.214,638.703,951.574,19.464,4607.822,1029.419,364.513,183.867,558.419,3892.705,116.367,4.779,7.504,876.952,253.517,231.429,5679.028,2385.656,112.195,4941.794,1457.48,7182.668,581.708,1507.506,1031.538,543.394,47.958,136.807,60.301,39.577,339.61,822.858,1597.224,1864.032,512.785,485.538,0,12009.37,505419.059,443835.146,0,0,2257.932,59325.981,0
325---Industria química,1093495.6940000001,562707.54,28649.918,2561.471,294.814,465.899,813.826,23127.362,2229.412,2202.018,3535.576,6256.142,2518.136,4849.264,20449.847,19306.767,8019.011,1789.737,2384.358,911.894,2752.532,8403.352,3969.337,14131.104,124158.161,59497.816,11038.602,4517.848,6401.804,3118.561,2100.177,7504.212,35848.404,1561.658,7527.125,2165.756,3337.542,206.02,391.126,291.003,15873.583,9376.161,191.464,56.921,1069.679,2.531,165.653,415.327,170.939,211.044,982.298,1645.353,12.14,15.861,2.866,473.065,90.349,32.529,3724.072,1281.264,44.168,1753.776,629.748,10582.8,1970.435,3393.088,15553.5,37007.442,50.218,2287.501,169.085,54.638,1288.58,6719.138,874.459,3487.573,5764.028,1242.1,0,4754.572,530788.1540000001,322627.623,0,0,8775.879,199384.652,0
326---Industria del plástico y del hule,540690.8360000001,291964.20100000006,1162.943,12.409,66.982,48.118,7.842,17.609,13.789,185.985,189.047,19360.446,1988.601,195.259,17831.966,7495.787,75.346,140.642,518.736,650.467,120.837,3069.033,2280.373,515.507,4369.025,26511.866,2148.285,465.842,3708.403,5551.418,26924.017,25505.182,89351.384,6581.265,4229.304,8015.789,9366.176,201.951,11.749,5.123,43.649,21.746,1.608,0.369,355.463,0.242,15.73,54.758,16.867,11.829,10.673,19.042,1.755,0.404,8.618,852.9,3.018,26.016,559.947,41.835,1.645,446.014,27.884,7288.387,258.796,970.697,377.425,1220.698,2.868,23.246,89.741,77.645,954.939,679.916,4391.474,1599.616,840.799,539.44,0,1231.999,248726.635,108188.41,0,0,523.15,140015.075,0
327---Fabricación de productos a base de minerales no metálicos,395874.42699999985,317114.58599999984,180.345,157.797,0.007,173.162,37.639,497.525,103.927,1953.469,108.815,138885.447,30841.21,9344.453,12082.609,18182.505,1.236,32.514,58.421,24.525,269.746,139.075,71.354,559.411,4190.654,599.159,39522.34,578.288,1744.459,1043.91,1448.901,3139.666,10483.549,880.989,1498.583,2365,328.239,202.989,595.845,12.431,4174.084,7898.685,478.673,42.089,700.24,0.126,766.573,44.691,43.493,282.377,676.712,3675.61,96.001,6.916,0,55.001,1.453,10.491,6841.336,547.813,6.038,1995.472,75.378,1260.538,33.959,467.189,184.872,415.277,12.248,18.924,45.297,23.306,354.797,1271.015,1082.816,129.81,246.001,54.823,0,754.268,78759.841,12909.533,0,0,87.28,65763.028,0
331---Industrias metálicas básicas,848072.308,515925.82099999994,0.001,579.779,38.735,128.505,11.327,21055.237,217.083,103.84,4906.532,88249.101,11570.471,416.061,601.372,224.044,1.441,64.392,100.683,31.534,18.093,35.104,271.754,147.189,1273.506,1561.693,1804.492,61002.702,59009.972,34267.562,19763.089,53771.242,111961.762,5105.295,6189.106,325.171,188.45,585.855,227.115,66.041,945.462,4503.144,237.076,27.696,5544.385,9.178,466.878,2673.426,68.755,102.214,124.33,1650.018,11.241,1.523,0,16.363,0.48,3.536,2217.306,161.466,4.912,375.231,27.034,1111.239,132.71,704.771,119.553,226.402,13.139,33.594,33.804,81.958,402.07,245.168,135.843,7220.664,114.557,67.082,0,236.282,332146.48699999996,2245.11,0,78410.048,1857.393,249633.936,0
332---Fabricación de productos metálicos,522885.3479999999,197556.71599999993,0.093,138.383,38.538,55.814,174.774,2271.859,456.857,1258.403,13713.313,37987.273,19300.665,6416.286,3739.986,9677.737,3.206,37.857,66.486,60.126,909.314,355.142,104.479,1217.921,614.962,2060.388,710.194,6041.144,14969.636,7694.372,8545.284,6435.025,24024.547,1346.183,938.609,431.445,577.875,81.748,190.801,7.485,1351.296,2602.493,151.858,15.071,971.429,0.837,240.788,348.777,47.858,84.602,852.197,1069.987,12.76,1.98,0,25.267,0.774,5.672,1311.773,252.732,16.821,475.921,217.308,2544.055,400.201,3208.241,584.511,1619.695,5.571,74.127,147.521,19.838,364.641,597.471,381.618,3133.069,1179.149,80.235,0,504.362,325328.632,80642.872,0,28317.79,877.521,215490.449,0
333---Fabricación de maquinaria y equipo,701398.42,41289.595999999976,991.98,87.139,0,0.533,0.401,1196.486,302.964,1157.164,53.391,8790.251,211.442,420.234,432.68,65.174,1.239,0.347,22.715,3.908,7.919,21.762,8.863,578.464,17.301,29.496,11.555,139.575,1039.524,14254.412,1742.138,1218.416,2300.187,18.994,493.755,631.408,53.079,6.902,0.57,1.667,6.471,65.579,0.232,0.518,181.614,0.187,1.272,50.482,30.059,94.863,422.053,552.666,3.969,6.291,22.508,455.157,6.334,29.367,1293.431,361.456,4.194,38.304,8.844,4.77,15.109,151.84,15.967,29.892,0.703,0.022,0.102,0.255,7.398,201.042,64.427,567.427,28.499,5.186,0,247.071,660108.824,927.289,0,135959.548,484.286,522737.701,0
"334---Fabricación de equipo de computación, comunicación, medición y de otros equipos, componentes y accesorios electrónicos",1932562.003,207177.828,0,0.176,0,0.113,5.644,123.855,63.865,178.331,781.71,514.11,372.262,1499.367,268.023,19.98,152.803,535.482,684.276,30.815,135.743,199.03,61.59,264.887,1055.644,2251.318,893.367,2042.777,5311.95,8673.378,120808.23,10459.145,17668.394,1420.464,4316.694,377.039,430.928,15.026,1.541,16.362,78.779,77.306,5.551,1.254,1716.253,0.835,11.469,230.913,1602.505,1763.071,64.056,2922.311,495.415,8.831,48.561,3446.387,39.924,159.832,1022.043,115.457,2.592,4890.86,139.697,2942.487,4.249,651.304,333.873,107.7,3.631,54.788,125.399,4.937,32.684,152.525,9.048,582.04,58.951,76.306,0,1559.685,1725384.175,125665.981,0,49188.586,-79.46,1550609.068,0
"335---Fabricación de accesorios, aparatos eléctricos y equipo de generación de energía eléctrica",744119.9580000001,64179.23900000001,8.723,0.127,10.524,0,0,125.344,29.193,294.152,583.516,5170.391,710.26,2303.184,7.91,0.091,2.503,4.13,22.049,3.306,3.901,39.271,9.864,116.452,81.784,41.801,27.539,1694.286,1377.584,6345.271,12137.967,17544.329,3077.457,140.336,169.789,813.227,644.972,0,0,0,0,0,0,0,270.18,0,0,0,49.143,0.094,0.12,3981.757,13.577,0.005,0.927,114.929,0.213,14.909,142.859,15.046,2.254,1985.536,53.748,533.169,0.98,91.394,26.421,66.44,0.16,1.067,12.818,3.156,59.513,2586.683,84.984,211.101,50.966,29.407,0,234.45,679940.719,101836.951,0,25164.333,1163.792,551775.643,0
336---Fabricación de equipo de transporte,3814528.041,403331.5570000001,985.241,209.491,68.838,2.329,0,176.99,126.63,1442.349,144.916,1425.601,3957.527,0,192.933,13.148,65.436,63.823,142.615,26.358,115.047,748.33,206.104,94.082,721.41,625.143,327.015,2137.956,1023.971,1062.16,2219.747,4394.686,308322.355,128.313,196.856,15298.039,8512.068,142.314,791.779,139.786,28742.899,5897.788,101.443,42.213,121.753,0.183,2.066,0,6.521,0.064,0,0.49,3.232,0.005,0,0.148,0,0.002,207.781,2759.057,0.008,76.215,56.786,1305.498,10.3,42.798,44.533,23.022,0.274,1.607,30.429,6.437,89.118,361.272,95.569,6500.097,100.677,10.178,0,439.708,3411196.484,592960.307,0,428694.31,21810.864,2367731.003,0
"337---Fabricación de muebles, colchones y persianas",136977.28600000002,8527.118000000002,0,0,0,0,0,0,0,0,2.94,3471.64,0.724,0,2.839,0.19,0,0,0,0,0.451,0.021,0,0,0,0,0,0.006,0.983,8.697,12.654,66.138,3.263,1821.676,3.077,5.811,95.431,0,0,0,0,0,0,0,0,0,0,0,0.672,0,0,0.001,0,0.002,3.742,1273.775,219.36,69.049,15.699,2.149,4.444,28.161,61.391,63.329,0.327,401.475,63.653,56.886,0.285,44.654,0.859,0.426,68.413,254.478,2.351,0.487,6.618,2.029,0,385.862,128450.168,53605.859,0,28135.309,26.063,46682.937,0
339---Otras industrias manufactureras,341550.086,60776.342,0,1.339,0,2.345,75.955,118.789,251.815,89.516,315.904,1406.637,5503.176,2750.326,86.177,1.678,39.828,166.354,1397.38,63.322,21.266,141.169,161.229,199.762,1377.552,980.059,881.465,242.289,391.445,832.588,1180.466,1051.69,2243.646,78.851,11063.915,723.545,963.803,65.199,2.993,8.357,27.436,91.995,1.367,0.906,663.145,0.8,8.418,245.983,90.676,2.219,3.245,4.839,1.683,0.146,2349.647,309.432,49.541,9.936,185.699,69.323,0.37,2128.255,123.851,453.63,122.073,1188.874,5459.314,5020.104,7.666,48.39,197.44,15.083,275.296,2294.642,638.423,245.207,584.186,237.689,0,2737.583,280773.744,42514.452,0,313.986,39.77,237905.536,0
"431---Comercio al por mayor de abarrotes, alimentos, bebidas, hielo y tabaco",2975676.391,873704.8009999999,11782.426,19557.693,321.326,580.938,233.152,9600.142,4672.822,2195.417,9209.642,96684.685,12488.139,7095.999,91247.115,8942.18,2323.88,1802.827,3807.539,2320.029,2789.203,13287.221,3616.178,17242.634,43809.432,23349.552,13989.242,31958.84,20895.82,22286.752,32104.943,17070.274,178973.659,5424.101,8443.878,15976.807,5206.575,5203.513,641.214,412.97,11716.348,8587.767,338.999,51.936,4117.23,11.495,791.472,487.832,498.098,414.08,545.434,6591.645,204.783,7.923,375.764,3314.899,114.158,223.695,7039.924,2573.066,55.978,7014.972,757.267,10011.857,523.519,4275.839,6407.086,12016.814,108.392,800.984,578.301,175.813,1951.902,6291.581,11076.314,5328.709,1866.034,1330.092,0,7578.04,2101971.59,1397695.634,0,258503.356,0,445772.6,0
"461---Comercio al por menor de abarrotes, alimentos, bebidas, hielo y tabaco",2858983.189,839441.857,11320.37,18790.722,308.725,558.154,224.007,9223.668,4489.579,2109.321,8848.266,92893.443,11987.386,6817.729,87668.803,8591.502,2232.748,1732.131,3658.223,2229.053,2679.822,12766.152,3474.366,16566.454,42091.417,22447.335,13440.65,30705.546,20076.374,21412.762,30845.919,16400.854,171955.084,5211.402,8112.74,15340.595,5002.396,4999.452,616.068,396.772,11256.88,8250.995,325.704,49.897,3955.771,11.045,760.432,468.703,478.557,397.838,524.047,6333.152,196.753,7.61,361.028,3184.905,109.677,214.924,6764.37,2481.965,53.785,6736.688,727.57,9619.236,502.988,4108.158,6155.831,11545.566,104.141,769.574,555.624,168.919,1875.352,6044.853,10641.946,5119.736,1792.855,1277.928,0,7280.864,2019541.332,1342884.041,0,248365.969,0,428291.322,0
481---Transporte aéreo,228009.492,23372.727000000006,30.224,37.759,0.706,1.361,0.632,5377.691,36.083,1187.617,28.5,254.225,287.578,17.563,284.601,38.174,9.085,5.24,15.136,6.596,6.733,32.922,8.746,259.885,301.125,107.439,57.222,92.339,48.065,66.399,58.718,34.431,432.018,9.227,14.887,3310.085,1704.186,530.649,9.781,10.453,174.883,104.213,56.623,1.346,88.599,0.425,23.164,58.944,38.291,62.004,34.853,115.284,11.769,6.962,13.591,827.294,77.501,112.594,233.705,35.301,2.532,343.551,65.802,332.253,2.598,1715.866,780.842,88.594,0.828,6.499,26.182,20.663,19.059,39.427,19.749,12.279,21.411,13.572,0,3069.593,204636.76499999998,187765.49,0,835.626,0,16035.649,0
482---Transporte por ferrocarril,68682.226,14395.681999999999,256.129,320.175,6.007,11.534,5.15,298.091,71.722,51.607,155.162,1159.811,290.904,107.898,1476.487,238.729,52.932,17.271,47.26,31.498,41.831,140.3,40.708,320.781,760.831,295.015,252.592,644.442,266.225,240.861,288.398,207.736,2425.265,45.231,86.304,241.86,183.125,40.441,1363.525,6.168,327.47,221.114,9.235,1.403,59.575,1.316,12.16,24.484,10.644,8.306,17.815,69.478,2.741,0.249,3.665,31.15,1.227,1.894,96.68,36.335,0.858,99.594,11.803,136.516,10.358,53.027,58.55,100.666,0.982,7.543,9.118,2.023,28.015,103.455,133.427,86.646,32.244,13.432,0,80.478,54286.544,34296.625,0,7084.676,0,12905.243,0
483---Transporte por agua,31917.457999999995,9991.021999999994,69.649,87.049,1.634,3.137,1.4,5695.49,19.495,305.472,42.173,313.713,79.104,29.348,401.441,64.903,14.394,4.704,12.848,8.565,11.374,38.146,11.066,87.215,206.864,80.207,68.688,175.216,72.393,65.488,78.413,56.485,659.368,12.306,23.47,65.741,49.794,10.998,4.461,543.046,89.03,60.119,2.51,0.38,14.838,0.357,3.308,6.659,2.854,2.258,4.844,18.89,0.746,0.066,0.997,8.472,0.333,0.515,25.985,9.271,0.221,27.033,3.209,37.122,2.817,14.419,15.917,27.371,0.268,2.048,2.478,0.551,7.618,28.131,36.278,23.566,8.77,3.656,0,21.859,21926.436,11692.59,0,1926.159,0,8307.687,0
484---Autotransporte de carga,1246249.5969999998,265161.6039999999,5165.085,6456.731,121.155,232.604,103.874,6011.346,1446.378,1040.723,3129.183,23274.277,5868.234,2175.898,29774.986,4814.199,1067.311,348.314,953.024,635.194,843.569,2829.297,956.134,6468.933,15342.908,5949.257,5093.839,12995.905,5368.582,4856.989,5815.867,4189.183,48908.03,912.13,1740.366,4874.672,3691.59,815.528,330.85,124.353,6680.591,4458.997,186.209,28.283,1100.105,26.536,245.21,493.691,214.694,167.487,359.246,1401.138,55.274,5.744,139.895,931.197,30.123,41.368,1929.611,682.705,17.562,2049.752,238.013,2753.074,208.841,1193.324,1276.971,2451.156,19.81,153.433,183.914,84.893,564.956,2086.309,2690.676,1747.321,650.245,270.85,0,2615.902,981087.993,575173.211,0,142843.602,0,263071.18,0
"485---Transporte terrestre de pasajeros, excepto por ferrocarril",727879.4809999999,18502.341999999997,14.74,18.43,0.345,0.666,0.324,413.973,46.084,1176.78,25.616,238.366,195.213,72.087,205.639,24.887,20.058,27.235,107.33,30.919,14.117,130.746,34.135,34.247,383.78,233.032,92.254,283.551,157.632,258.317,195.75,101.304,1693.733,26.297,35.342,63.266,12.257,403.109,9.817,3.884,172.906,201.232,28.478,1.418,95.679,0.38,25.289,64.791,41.578,69.474,38.171,125.111,13.101,8.129,5.557,348.346,31.713,27.708,210.844,37.582,2.267,370.842,349.784,956.24,6.155,994.261,222.256,145.535,2.496,6.69,44.085,22.939,25.42,80.235,22.445,19.382,56.847,100.856,0,6740.858,709377.139,708226.417,0,407.83,0,742.892,0
486---Transporte por ductos,25677.462,0,0,0,0,0,0,0,0,0,0,0,0,0,0,0,0,0,0,0,0,0,0,0,0,0,0,0,0,0,0,0,0,0,0,0,0,0,0,0,0,0,0,0,0,0,0,0,0,0,0,0,0,0,0,0,0,0,0,0,0,0,0,0,0,0,0,0,0,0,0,0,0,0,0,0,0,0,0,0,25677.462,25668.952,0,0,0,8.51,0
487---Transporte turístico,4842.988,0.036,0,0,0,0,0,0,0,0,0,0.001,0,0,0.001,0,0,0,0,0,0,0,0,0,0,0,0,0,0,0,0,0,0.002,0,0,0.018,0.009,0,0,0,0,0,0,0.005,0,0,0,0,0,0,0,0,0,0,0,0,0,0,0,0,0,0,0,0,0,0,0,0,0,0,0,0,0,0,0,0,0,0,0,0,4842.952,4842.926,0,0.009,0,0.017,0
488---Servicios relacionados con el transporte,234254.53599999996,166668.34499999997,0,105.398,0,2392.617,0.665,0,0.122,298.745,1.913,35.914,166.704,0,790.074,76.755,4.821,3.166,17.274,5.601,14.756,127.862,33.232,20.562,87.266,66.588,31.242,125.228,127.78,237.296,151.661,65.529,984.49,33.163,33.855,6388.153,5930.532,41583.601,5381.196,2641.289,68007.135,14190.509,48.136,352.619,1927.666,25.688,1896.669,272.077,131.344,220.028,1026.931,1183.597,38.331,19.503,0,0,0,1369.486,3824.365,347.622,41.171,737.245,472.971,929.511,2.841,255.63,12.658,40.62,2.794,1.152,33.71,45.006,25.708,51.103,212.639,5.67,10.264,6.189,0,934.707,67586.191,40639.067,0,0,0,26947.124,0
491---Servicios postales,4897.505,4535.262,0,0,0,0,0,0,0,0,0,0.48,14.943,0,0.189,0.007,0.027,0,0.013,0.001,0.009,0.15,1.016,0.04,0.131,0.042,0.045,0.321,0.268,0.278,0.393,0.136,1.114,0.029,0.088,147.777,199.251,0,0,0,0,0,0,0,0,96.383,0,0,0.198,0.396,0.033,0,0,0.307,94.925,1193.983,24.348,867.42,5.042,0.014,0.033,26.707,2.499,31.25,0.177,201.24,32.443,38.293,0.026,1.88,2.139,6.937,2.932,8.048,0.242,0.608,2.837,3.66,0,1523.514,362.243,362.243,0,0,0,0,0
492---Servicios de mensajería y paquetería,46102.062999999995,17816.584,0,0.002,0,0.019,0.023,392.924,30.614,218.555,75.282,101.472,128.98,7.363,163.671,24.303,2.564,31.952,18.969,4.012,0.083,0.189,0.119,13.204,126.71,66.108,61.942,0.417,0.29,0.314,0.498,0.186,1.326,0.151,0.45,157.34,163.016,701.125,39.738,4.77,98.518,41.321,109.722,1.276,66.352,1.693,5355.133,73.063,54.578,41.7,247.4,665.74,18.998,8.618,13.302,4326.688,110.087,730.553,971.901,56.394,7.401,429.969,64.89,721.336,4.43,149.414,22.427,30.388,0.49,3.158,5.837,3.222,46.56,199.096,6.049,16.144,69.832,87.209,0,417.014,28285.479,28285.479,0,0,0,0,0
493---Servicios de almacenamiento,65239.77500000001,65239.77500000001,0,0.108,0,5.575,9.457,0,55.541,597.041,1.132,50.462,30.812,46.504,3198.542,802.671,160.287,86.69,223.938,68.111,85.385,454.871,84.873,44.185,946.085,442.593,372.195,148.395,255.39,117.372,156.307,124.607,700.151,241.42,147.309,23286.905,21811.75,0,0,0.013,16.909,0.218,0,0.016,551.481,0,1.074,414.321,58.457,22.084,1.823,10.925,0.918,0,0,2239.912,0,0.096,342.325,113.008,0.398,1276.903,136.772,3168.618,8.986,382.419,35.529,829.183,0.819,6.312,39.297,3.16,11.915,34.91,350.658,221.411,91.552,69.205,0,41.484,0,0,0,0,0,0,0
"511---Edición de periódicos, revistas, libros, software y otros materiales, y edición de estas publicaciones integrada con la impresión",52838.364,17923.999000000003,0,0,0,0,0,0,0.01,0,2.019,2.51,73.432,1.167,1.707,0.007,4.613,5.115,25.215,5.113,12.75,117.185,39.77,51.292,265.166,127.184,94.029,403.634,173.06,153.685,192.559,100.465,2000.241,16.028,26.658,1023.882,952.155,0,0,0,0,0,0,0,0,0,0,0,1375.262,115.042,112.522,0,4.282,0.261,1.914,810.745,15.984,12.814,84.743,0.091,5.288,301.817,217.443,1008.732,1.349,2097.738,123.632,177.403,1.244,3.903,53.285,39.171,69.656,251.022,4.266,5.248,57.957,180.806,0,4919.728,34914.365,12638.82,0,21807.218,0,468.327,0
"512---Industria fílmica y del video, e industria del sonido",70469.04000000001,17556.673000000003,0,0,0,0,0,0,0.089,0,0.05,49.111,11.751,0,0,0,0,0,0,0,0,0,0,0,0,0,0,0,0,0,0,0,0,0,0,7.397,0,0,0,0,0,0,0,0,0,0,0,0,18.952,5711.516,5471.478,3918.931,0,0,0,0,0,0,0,0,86.132,172.344,35.451,0,0,36.136,9.736,88.298,0,0,85.227,50.078,289.007,632.099,246.991,13.891,147.594,4.962,0,469.452,52912.367,51843.898,583.835,484.634,0,0,0
515---Radio y televisión,89279.522,20270.992,0,0,0,0,0.02,0,0,0,2.096,12.222,0,0,1901.736,366.515,0,0,0,0,0,0.003,0,0,2.751,0,0,0,0,0,0,0,0,0,0,44.792,0,962.173,26.137,8.099,124.051,300.074,3.222,7.666,139.535,4.365,169.093,297.881,345.077,1188.307,2713.346,3781.337,39.408,47.497,0,41.292,15.476,0,3564.086,165.907,80.634,1273.404,0,25.022,0,0.926,1.966,4.272,0,0,17.476,10.256,55.254,1612.558,39.993,2.529,24.792,19.557,0,828.189,69008.53,56954.807,91.284,0,0,11962.439,0
517---Telecomunicaciones,452466.353,121620.04500000004,0,19.731,121.427,82.638,40.669,6296.537,453.352,707.521,461.939,2969.01,1146.525,726.652,2355.836,214.094,40.182,95.94,311.074,58.003,111.864,376.794,261.607,109.906,1049.289,557.139,565.041,797.308,535.631,619.274,734.629,201.51,2284.38,188.43,249.645,10760.185,6382.366,3719.864,322.263,73.593,777.448,854.061,889.776,12.921,514.546,13.737,130.797,599.9,457.057,358.047,2106.601,3769.554,157.029,100.158,287.501,3030.733,1156.707,1448.115,6888.017,481.626,46.3,4376.741,8773.937,10078.139,76.076,3439.746,1174.66,1025.134,28.486,60.977,144.705,88.166,751.553,2619.281,716.649,759.032,1186.771,288.308,0,15949.205,330846.30799999996,318094.66,0,0,0,12751.648,0
"518---Procesamiento electrónico de información, hospedaje y otros servicios relacionados",18865.202999999998,13806.689999999999,0,0,0,0,0.005,0,0.005,0,0.482,5.497,12.085,0.098,13.968,1.739,0.633,0.476,1.484,0.344,1.136,12.295,11.749,1.215,9.887,8.756,5.018,14.16,11.722,10.787,14.121,4.227,59.274,1.43,2.596,210.782,210.244,54.152,3.003,0.997,7.734,3.413,41.144,0.1,9.486,0.634,6.015,22.652,58.066,9.441,34.968,249.633,4.052,1.159,15.162,2933.596,33.948,804.108,137.528,5.065,1.988,152.32,0,69.717,0.521,1712.707,40.277,182.608,0.01,0.687,1.08,15.204,47.365,23.549,0.325,1.758,17.108,550.264,0,5926.931,5058.513,0,0,317.106,0,4741.407,0
519---Otros servicios de información,2912.79,2080.11,0,0,0,0,0.342,0,0.005,0,0.712,0.433,0.328,0.002,169.31,10.357,0.168,4.129,2.643,0.883,0.181,1.056,0.491,2.106,27.999,3.08,4.929,1.406,0.84,1.251,2.846,1.088,6.93,0.608,2.014,22.055,27.366,27.075,0.736,2.002,6.042,8.67,0.023,0.217,3.957,0.123,4.774,8.723,24.225,11.62,171.679,25.117,1.741,1.375,18.267,53.615,0.086,20.078,584.002,4.682,3.171,171.135,5.331,16.345,25.352,93.404,17.641,10.411,0.305,2.075,2.648,1.565,7.091,11.861,4.889,0.258,2.874,3.774,0,425.593,832.68,505.078,327.602,0,0,0,0
521---Banca central,43137.454,35970.328,0,0,0,0,0,0,0,0,0,0,0,0,0,0,0,0,0,0,0,0,0,0,0,0,0,0,0,0,0,0,0,0,0,0,0,0,0,0,0,0,0,0,0,0,0,0,0,0,0,0,0,0,0,35970.328,0,0,0,0,0,0,0,0,0,0,0,0,0,0,0,0,0,0,0,0,0,0,0,0,7167.126,0,7167.126,0,0,0,0
522---Instituciones de intermediación crediticia y financiera no bursátil,940460.3339999999,137598.259,1692.772,438.036,1.146,16.066,14.526,476.541,312.458,3000.576,493.781,2993.68,2409.065,170.394,3187.485,304.08,210.485,52.955,216.279,201.246,143.366,826.734,245.863,65.174,1712.057,1144.051,1087.562,2218.422,1165.471,466.974,117.138,243.448,1794.475,139.305,166.38,40243.769,24125.429,670.374,223.914,13.862,312.586,554.374,107.787,9.601,313.704,5.124,39.9,253.899,251.83,54.07,542.956,1020.151,85.949,0.65,109.438,10734.751,761.239,4962.07,1382.433,169.147,18.15,2194.22,1764.734,1244.268,50.951,529.089,173.231,360.733,0.096,5.274,14.048,12.513,37.18,1199.056,331.269,42.865,30.023,27.941,0,14885.62,802862.075,792673.495,0,0,0,10188.58,0
"523---Actividades bursátiles, cambiarias y de inversión financiera",37495.011,28117.097,0,0.351,0,0,0,0,10.522,225.036,177.392,50.941,44.429,0.132,122.037,54.655,0.46,0.008,0.695,0.007,0.037,50.472,21.425,0.028,123.507,37.445,99.814,129.768,44.231,20.423,19.124,49.894,131.183,13.306,6.173,10.765,177.421,1401.545,9.987,0,0.264,38.871,0,1.12,102.387,1.549,6.588,14.724,11.319,14.008,26.313,521.646,8.975,0,0,1203.701,1973.71,1220.421,98.87,21.718,2.096,93.64,19101.296,315.108,0,36.907,11.784,17.08,0,0.975,1.587,0,11.933,88.201,106.644,13.701,14.94,1.808,0,0,9377.914,9377.914,0,0,0,0,0
"524---Compañías de seguros, fianzas, y administración de fondos para el retiro",350698.89999999997,95357.22899999998,1025.201,6.494,0,7.95,4.962,3606.544,126.765,2972.969,565.754,406.338,434.719,72.018,331.386,31.111,21.857,16.038,63.14,14.35,14.735,141.527,29.54,1710.131,310.485,164.759,240.558,151.353,154.46,135.753,539.822,140.056,1252.301,20.557,47.368,5795.681,2315.343,139.686,64.83,39.332,2398.501,688.62,123.236,6.753,230.154,2.536,77.53,186.23,72.764,21.157,227.124,1214.9,16.089,1.278,2.929,2757.171,8.824,51141.513,700.984,87.813,18.87,414.741,105.277,312.896,4.8,965.434,1260.558,1177.655,7.152,411.822,24.952,15.472,40.237,242.963,10.868,10.698,50.977,32.41,0,7167.468,255341.671,192184.532,0,0,0,63157.139,0
531---Servicios inmobiliarios,2284188.658,438477.70200000005,0,82.953,0,23.58,48.307,305.644,436.906,2206.846,1766.631,1443.884,941.918,2048.97,14513.846,2040.06,761.426,738.845,2306.104,562.642,585.701,2213.591,1300.005,171.185,4963.075,4261.578,1899.272,2225.164,3491.988,2563.362,2253.445,1353.355,20502.477,1810.077,1658.96,58528.23,101712.107,1446.348,200.528,173.693,956.9,9331.339,126.511,38.795,2804.143,57.402,330.914,3175.482,873.591,6926.873,1799.225,31079.195,264.973,134.456,26.689,23272.81,794.743,2888.542,10521.52,1278.676,88.923,9514.435,4011.638,9829.047,169.037,8878.037,6746.012,3072.522,70.228,498.222,1053.055,391.24,4268.691,3847.213,17112.028,7041.384,6467.617,467.358,0,14725.533,1845710.9559999998,1832544.684,226.822,0,0,12939.45,0
532---Servicios de alquiler de bienes muebles,80785.505,73016.08600000001,0.051,8.533,28.73,34.989,6.358,3543.313,549.195,5143.331,448.451,8940.195,3891.868,4113.816,272.264,20.457,8.242,13.08,51.977,9.3,17.839,112.299,68.376,12.364,312.077,861.145,308.056,149.49,235.138,194.105,846.333,114.004,4989.378,25.651,50.793,1940.885,1703.474,54.46,51.258,167.593,484.038,325.537,1.719,22.141,56.322,0.604,67.281,101.858,153.188,63.938,38.116,42.246,36.809,8.035,0.307,502.967,48.166,457.658,4249.399,439.3,2.919,1373.597,298.439,2030.357,8.203,2839.487,2493.282,987.345,44.655,260.729,199.871,23.819,574.263,121.222,141.576,144.242,334.648,426.266,0,14312.669,7769.419,7769.419,0,0,0,0,0
"533---Servicios de alquiler de marcas registradas, patentes y franquicias",52873.34699999999,31567.826999999987,0,0,0,0,0.628,106.584,73.633,21.197,24.084,29.034,3.767,2.596,450.763,21.832,8.057,0.704,22.026,4.938,0.309,177.845,5.371,13.633,178.997,245.061,30.459,24.408,171.617,448.046,10.888,172.84,4399.457,7.511,4.397,4212.113,14861.092,161.51,47.068,24.475,8.457,22.382,0,0.1,108.88,0,18.577,7.431,171.957,111.174,257.141,794.805,4.53,1.058,0,2154.838,11.655,7.343,300.175,78.46,18.938,129.559,0,65.636,0.033,111.712,11.992,32.117,0.038,0.282,18.735,0.855,72.013,237.753,301.107,2.286,52.547,9.096,0,477.225,21305.52,0,0,10744.607,0,10560.913,0
"541---Servicios profesionales, científicos y técnicos",620109.397,474379.301,191.484,434.653,362.112,188.109,354.824,10016.119,6642.27,4502.178,10939.184,27814.089,14882.829,7023.774,16162.139,1617.036,175.832,154.782,761.936,194.536,245.069,1679.619,1252.952,768.598,6796.39,2600.012,1335.829,2910.094,2559.744,3189.26,2873.164,930.853,15180.956,692.572,538.779,36150.685,36818.195,1301.521,354.093,204.129,2540.446,3357.168,2056.284,56.373,5764.059,391.005,594.949,4079.952,1856.425,1953.741,4614.214,9078.928,730.494,310.795,170.095,18469.351,999.441,8320.544,40138.585,1759.919,131.642,16093.637,13572.548,16063.888,69.576,9846.401,5387.586,5962.077,29.361,608.575,314.898,190.234,1076.861,1905.332,1410.642,673.038,994.011,4437.986,0,67567.84,145730.09600000002,46836.536,27470.161,22942.512,0,48480.887,0
551---Corporativos,213549.35199999996,213549.35199999996,0,0,0,0,0.002,18109.127,68.256,1912.88,0.566,89.974,113.35,19.606,211.797,12.452,9.756,0.008,2.211,0.423,3.487,7.532,1.376,40846.883,10153.792,13.505,12.997,922.855,41.212,9.243,1.999,2.498,8.647,0,15.959,54117.077,32469.12,9.245,39.751,24.453,49.113,1126.991,0,2.059,120.912,6.2,154.054,33.323,103.133,51.585,1041.398,856.443,17.099,2.933,0,4729.363,1311.038,17814.987,882.663,2.156,23.64,381.2,18638.377,5061.053,45.441,6.012,0,0,0,0.36,53.376,0,129.667,1639.228,6.019,0.142,0.073,7.275,0,0,0,0,0,0,0,0,0
561---Servicios de apoyo a los negocios,1004766.9199999999,919945.362,0,175.195,0,472.396,399.089,2756.217,16435.749,4228.362,6221.038,6469.502,6738.836,1265.761,31421.404,10767.773,2366.526,877.171,3608.45,1719.914,835.212,7848.574,2955.086,4566.295,16869.76,23424.944,10666.646,20143.425,11299.629,11939.154,12972.598,12452.657,56251.15,1617.876,2950.346,134702.623,65462.164,7601.844,1569.255,363.709,3251.587,4397.272,1182.225,108.884,8620.925,48.131,1185.297,3182.445,3333.164,1821.832,6640.26,29951.295,1664.608,228.201,603.723,92065.767,4570.821,42992.319,10804.707,1961.235,193.261,13717.268,2915.29,20762.95,639.28,14093.972,7938.472,14410.801,67.438,2075.093,2846.492,1283.916,5670.174,29709.959,15913.804,1518.77,1271.351,2455.014,0,61431.029,84821.55799999999,60937.009,0,0,0,23884.549,0
562---Manejo de residuos y servicios de remediación,25556.249000000007,25496.249000000007,0,0,0,0,0.082,0,13.101,0,5.324,1418.659,2161.786,7.888,2781.819,452.443,1.898,0.018,0.006,0.243,25.302,235.333,72.463,86.519,442.758,200.618,2.916,850.589,364.348,299.647,251.574,110.582,3568.273,30.162,41.006,93.995,0.223,718.597,211.727,24.304,255.854,847.682,289.518,1.467,617.67,12.058,66.238,237.778,81.443,171.68,655.038,3577.564,22.203,109.944,0,0,0,999.958,1516.267,36.134,7.998,316.231,0,0.283,0.667,29.822,540.235,286.971,0.008,7.254,47.501,0.717,4.746,21.647,0.156,0.198,6.234,0.042,0,252.84,60,60,0,0,0,0,0
611---Servicios educativos,1019070.024,13012.709000000003,0,0.563,0,1.59,8.449,45.831,16.156,0.889,88.03,45.548,40.582,4.91,170.901,24.875,0.166,7.459,3.264,0.72,1.236,16.649,5.588,0,45.812,0.751,1.817,37.736,21.644,32.077,326.212,91.514,3627.348,2.654,12.837,28.511,5.635,195.124,1.159,0.703,86.255,104.76,15.21,1.463,162.869,1.946,23.833,88.57,94.607,53.766,35.031,773.302,22.868,2.518,0,43.896,0,0.656,756.934,61.739,1.533,1041.735,0,727.521,0.115,938.983,141.588,75.97,7.356,13.995,21.03,20.709,89.749,2.711,7.762,1.936,0.843,89.594,0,2584.416,1006057.315,251086.573,754368.083,0,0,602.659,0
621---Servicios médicos de consulta externa y servicios relacionados,355229.965,13356.253000000002,0,0,0,0,0,0,2.226,0,0,0.117,0,0,0.084,0.005,0,0,0.002,0,0,0,0.035,0,0,0,0,0.156,0.026,0,0,0,0,0,0,0.005,5.037,0,0,0,1186.5,0,0,0,0.574,0,0,0,0.024,0,0.001,0,0,0,0,0.016,0,4968.98,0.156,0.809,0.011,2.436,2.143,1.078,0,18.523,1253.229,5663.525,167.745,26.59,0,0,0.017,48.696,0.376,0.083,0.262,5.921,0,0.865,341873.712,122650.493,219223.219,0,0,0,0
622---Hospitales,458718.128,28914.117,0,0,0,0,0,0,0,0,0.013,0.014,0,0,0,0,0,0,0,0,0,0.006,0,0,64.535,0.006,0,0,0,0,0,0,0,0,0,0.093,0.165,0,0,0,0,0,0,0,0,0,0,0,0.003,0,0,0,0,0,0,0,0,20712.915,0.019,0,0.001,0.09,0,0,0,0.533,5.742,7893.931,22.929,0.005,0,0,0,0,0.017,0,0.015,0.199,0,212.886,429804.011,78127.133,350846.186,0,0,830.692,0
623---Residencias de asistencia social y para el cuidado de la salud,4567.864,44.43599999999999,0,0,0,0,0,0,0,0,0,0,0,0,0,0,0,0,0,0,0,0,0,0,0,0,0,0,0,0,0,0,0,0,0,0,0.04,0,0,0,0,0,0,0,0,0,0,0,0,0,0,0,0,0,0,0,0,0,0,0,0,0,0,0,0,0,0.085,0.009,44.253,0.047,0,0,0,0,0,0.001,0,0.001,0,0,4523.428,3458.935,1064.493,0,0,0,0
624---Otros servicios de asistencia social,33930.717,3524.145,0,0,0,0,0,0,0,0,0,0,0,0,0,0,0,0,0,0,0,0,0,0,0,0,0,0,0,0,0,0,0,0,0,0,0.024,0,0,0,0,0,0,0,0,0,0,0,0,0,0,0,0,0,0,0,0,0,0,0.003,0,0,0,0,0,1.34,0,0,0.382,3521.684,0,0,0,0,0.087,0,0.031,0.054,0,0.54,30406.572,13105.172,17301.4,0,0,0,0
"711---Servicios artísticos, culturales y deportivos, y otros servicios relacionados",66545.50000000001,161.289,0,0,0,0,0,0,0,0,0,0,0.488,0,0,0,0,0,0,0,0,0,0,0,0,0,0,0,0,0,0,0,0,0,0,0,0,0,0,0,0,0,0,0,0,0,0,0,0.689,0,0,0,0,0,0,0,0,0,0.036,0.006,0,0.002,1.831,2.127,0.005,1.103,0.094,0.244,0,0,2.406,0.018,1.021,2.481,0.048,0.007,0.126,0.313,0,148.244,66384.21100000001,62190.569,3835.304,0,0,358.338,0
"712---Museos, sitios históricos, zoológicos y similares",12774.274,20.007999999999996,0,0,0,0,0,0,0,0,0,0,0,0,0,0,0,0,0,0,0,0,0,0,0,0,0,0,0,0,0,0,0,0,0,0,0,0,0,0,0,0,0,0,0,0,0,0,0.008,0,0,0,0,0,0,0,0,0,0,0,0,0.002,6.822,7.861,0,3.78,0,0,0,0,0.915,0.06,0.461,0,0.001,0,0,0.098,0,0,12754.266,4860.099,7894.167,0,0,0,0
713---Servicios de entretenimiento en instalaciones recreativas y otros servicios recreativos,99690.22,653.2150000000001,0,0,0,0,0,0,8.629,0,0.003,0.355,0,0,0.133,0.008,0.234,0,0,0,0,0,0,0,0.895,0,0.135,3.289,0.1,0,0,0,1.327,0.376,0,0.114,1.988,0,0,0,0,0,0,0,0,0,0,0,0.209,0,0.005,0,0,0,0,0,0,0,0.002,0,0,0.058,70.573,232.15,0.995,92.337,10.704,62.89,0.004,0,22.857,0.022,64.108,39.926,9.142,2.631,17.365,9.648,0,0.003,99037.005,98203.569,833.436,0,0,0,0
721---Servicios de alojamiento temporal,405556.529,22173.147000000004,0,3.318,0,35.643,7.499,3545.255,61.242,777.87,21.884,513.23,406.796,135.757,436.498,35.982,6.377,8.955,26.453,7.963,0.217,0.177,0.606,582.87,405.459,199.853,74.667,0.972,0.852,0.284,0.073,0.062,0.448,0.213,0.408,1083.474,543.795,1293.226,28.636,25.278,495.017,280.205,202.654,4.304,298.214,0.982,79.328,203.69,127.077,221.965,118.226,390.789,41.767,23.148,23.094,1067.152,135.757,197.219,685.157,110.615,7,781.14,19.316,10.125,0,1141.924,115.956,120.756,1.454,3.625,16.877,9.895,9.685,37.219,0.209,0.4,0.481,153.436,0,4764.997,383383.382,383383.382,0,0,0,0,0
722---Servicios de preparación de alimentos y bebidas,524176.92199999996,31965.175000000007,0,2.718,25.181,30.31,6.336,903.595,45.605,9.332,220.716,131.729,247.479,47.419,319.902,26.133,9.136,11.252,38.237,10.761,30.817,308.438,83.076,48.806,506.553,269.775,127.322,527.888,326.081,637.793,510.098,226.065,3549.135,63.455,77.614,89.504,8.135,940.139,20.816,8.268,351.517,203.536,147.319,3.133,217.15,0.715,57.672,148.066,93.452,162.229,85.973,284.082,25.496,17.734,28.348,1005.114,115.932,166.5,505.273,80.407,5.176,693.441,226.869,705.247,5.14,1980.086,1012.357,384.741,4.855,274.216,39.659,24.841,26.09,129.383,569.667,8.5,69.201,152.722,0,11507.717,492211.747,492211.747,0,0,0,0,0
811---Servicios de reparación y mantenimiento,207073.624,119069.02500000001,643.176,364.461,24.512,114.136,31.528,24956.755,3602.182,501.349,6120.373,4054.182,2004.352,1536.391,2703.65,486.563,35.05,57.611,63.523,28.957,46.55,213.409,291.566,712.009,2336.962,344.988,403.193,522.766,229.136,293.185,238.95,96.11,1094.35,54.5,50.186,1500.323,1680.605,4686.36,241.783,774.365,2703.536,13146.393,837.587,154.507,1510.789,28.256,381.508,2250.044,195.885,232.829,200.228,2732.102,20.253,7.228,3.718,1403.471,59.411,1284.69,2203.019,319.497,9.449,1161.445,19.8,742.462,35.769,2387.121,1891.603,2471.74,31.301,93.437,34.91,176.517,310.64,489.957,164.451,556.224,286.24,82.367,0,15308.594,88004.599,81147.92,0,0,0,6856.679,0
812---Servicios personales,223442.271,10056.584000000003,0,0,0,0.017,0.114,0,4.542,0.084,3.008,3.863,9.232,0.721,714.982,68.186,12.365,4.265,23.243,4.76,4.394,35.725,13.015,42.167,240.679,100.821,77.013,124.96,56.041,47.728,79.611,38.646,956.017,8.205,9.196,262.21,594.68,106.202,31.291,4.281,38.875,216.107,42.785,0.639,99.193,1.782,14.048,35.255,15.939,20.366,53.366,531.296,5.216,2.628,17.586,455.674,13.691,82.776,87.655,6.544,1.45,161.553,9.807,94.276,0.22,515.755,856.788,544.672,5.714,9.135,1.693,7.01,31.694,287.279,31.5,6.594,39.76,76.488,0,1951.511,213385.687,213385.687,0,0,0,0,0
813---Asociaciones y organizaciones,82980.02900000001,12561.995000000003,0,14.901,11.016,15.352,3.591,0,0.584,0,4.31,2.568,15.412,9.334,0.326,0.615,12.145,13.394,59.586,11.365,36.5,337.747,103.965,132.556,685.688,372.566,243.465,1178.74,493.674,412.031,377.533,169.304,4436.937,41.873,64.32,96.071,1.02,0,0,0,0,0.591,0,0,0,0,0,0,17.74,0,0.762,0,0,0,0,1057.265,479.842,0,18.084,0,0.46,751.49,0,41.885,0,6.046,3.175,7.275,0.001,0.202,575.664,0,0.011,237.288,0.368,0.168,1.662,3.527,0,0,70418.034,70418.034,0,0,0,0,0
814---Hogares con empleados domésticos,100065.286,0,0,0,0,0,0,0,0,0,0,0,0,0,0,0,0,0,0,0,0,0,0,0,0,0,0,0,0,0,0,0,0,0,0,0,0,0,0,0,0,0,0,0,0,0,0,0,0,0,0,0,0,0,0,0,0,0,0,0,0,0,0,0,0,0,0,0,0,0,0,0,0,0,0,0,0,0,0,0,100065.286,100065.286,0,0,0,0,0
"931---Actividades legislativas, gubernamentales y de impartición de justicia",1305939.253,499.619,0,0,0,0,0,0,0,0,0,0,0,0,0,0,0,0,0,0,0,0,0,0,0,0,0,0,0,0,0,0,0,0,0,0,0,0,0,0,0,0,0,0,0,0,0,0,0,0,0,0,0,0,0,41.317,21.136,437.166,0,0,0,0,0,0,0,0,0,0,0,0,0,0,0,0,0,0,0,0,0,0,1305439.634,6950.097,1298489.537,0,0,0,0
UON---Usos de origen nacional,41959242.14199999,11610594.598000001,105825.97100000002,231978.04900000006,5082.482999999998,10519.527000000007,3082.9829999999993,172074.067,114298.225,62305.878000000004,151843.843,846197.5479999998,285428.288,77405.482,1180331.733,146825.75699999993,41277.363999999994,23034.296000000017,63325.52099999997,31551.696999999993,42622.23600000001,115134.81599999996,33901.717000000004,418349.1449999999,456695.7759999999,207456.39199999993,190347.40000000002,414921.33099999995,181946.0920000001,175319.47000000003,324191.71599999996,205275.34,1232999.6589999998,52982.60699999999,77421.334,494522.795,438948.019,98131.15999999996,22931.542999999998,8593.312000000005,236188.625,202315.50199999998,10592.316,1797.7100000000005,48723.79499999999,805.732,19166.759000000002,24938.154999999995,14915.986000000003,24679.485,37520.315,139031.87999999998,5005.602000000001,1186.694,4822.563999999999,245087.97400000005,13979.696000000002,167223.11700000003,161214.58399999997,23203.186,1276.1390000000001,107839.375,78469.74700000002,161142.42100000006,6448.121000000002,104808.18999999997,82420.97100000002,137147.864,1591.6910000000005,15133.007,10843.204000000002,4193.839,30493.921000000002,118952.57899999998,156115.06499999992,51941.568999999974,31055.72699999999,20573.982000000007,0,362666.9369999999,30348647.543999992,14348215.111000001,2714421.7399999998,4302118.6,50133.573000000004,8933758.520000001,0
IET---Importaciones de la economía total,9670671.844,7162500.9629999995,58264.31900000001,12938.728,998.2069999999999,2590.5569999999993,1393.6790000000003,90007.36,37648.229999999996,26872.505999999998,111840.005,193468.388,60071.37200000002,44991.141,286711.436,68106.90599999997,25483.102,14541.379,49924.405000000006,23122.942999999992,9585.328999999998,77117.30900000002,21597.021999999997,345226.32200000016,286571.25600000005,175790.97100000002,48323.313,202280.55899999998,165953.96900000004,302037.57699999993,1169710.598,347344.63200000004,1497660.7010000004,36172.719999999994,167637.03,141829.338,182261.84099999996,56882.568,6455.5070000000005,4020.833,142297.37000000002,66209.87599999999,2209.411,506.86100000000016,30361.339999999997,179.71800000000002,4808.569999999999,10233.406,8902.543,8723.085999999998,10689.749,48193.09100000001,2205.161,158.10000000000002,284.38100000000003,16933.031,542.837,37040.64000000001,38285.015000000014,13722.547,307.8409999999999,48058.754,7143.013,63301.38000000001,4285.85,27835.843,20724.046,29966.468999999997,198.898,1858.61,3648.6949999999997,789.322,12224.526,24787.232999999997,30902.931999999993,36650.918,16741.617999999995,5634.787,0,31519.437000000005,2508170.881,1223353.531,0,1230986.3400000003,53831.01000000001,0,0
P.721---Compras directas en el exterior por residentes,282556.603,,,,,,,,,,,,,,,,,,,,,,,,,,,,,,,,,,,,,,,,,,,,,,,,,,,,,,,,,,,,,,,,,,,,,,,,,,,,,,,,282556.603,270999.243,11557.36,0,0,0,0
P.621---Compras directas en el mercado interno por no residentes,5.820766091346741E-11,,,,,,,,,,,,,,,,,,,,,,,,,,,,,,,,,,,,,,,,,,,,,,,,,,,,,,,,,,,,,,,,,,,,,,,,,,,,,,,,5.820766091346741E-11,-501182.334,-4581.333,0,0,505763.667,0
P.621+P.721---Compras netas de residentes y no residentes,282556.60300000006,,,,,,,,,,,,,,,,,,,,,,,,,,,,,,,,,,,,,,,,,,,,,,,,,,,,,,,,,,,,,,,,,,,,,,,,,,,,,,,,282556.60300000006,-230183.09099999996,6976.027000000001,0,0,505763.667,0
P.7---Importaciones de bienes y servicios,9953228.447,7162500.9629999995,58264.31900000001,12938.728,998.2069999999999,2590.5569999999993,1393.6790000000003,90007.36,37648.229999999996,26872.505999999998,111840.005,193468.388,60071.37200000002,44991.141,286711.436,68106.90599999997,25483.102,14541.379,49924.405000000006,23122.942999999992,9585.328999999998,77117.30900000002,21597.021999999997,345226.32200000016,286571.25600000005,175790.97100000002,48323.313,202280.55899999998,165953.96900000004,302037.57699999993,1169710.598,347344.63200000004,1497660.7010000004,36172.719999999994,167637.03,141829.338,182261.84099999996,56882.568,6455.5070000000005,4020.833,142297.37000000002,66209.87599999999,2209.411,506.86100000000016,30361.339999999997,179.71800000000002,4808.569999999999,10233.406,8902.543,8723.085999999998,10689.749,48193.09100000001,2205.161,158.10000000000002,284.38100000000003,16933.031,542.837,37040.64000000001,38285.015000000014,13722.547,307.8409999999999,48058.754,7143.013,63301.38000000001,4285.85,27835.843,20724.046,29966.468999999997,198.898,1858.61,3648.6949999999997,789.322,12224.526,24787.232999999997,30902.931999999993,36650.918,16741.617999999995,5634.787,0,31519.437000000005,2790727.484,993170.44,6976.027000000001,1230986.3400000003,53831.01000000001,505763.667,0
D.21---Impuestos sobre los productos,1393818.8269999998,316020.91500000004,1290.962,286.008,56.495,235.454,34.059,2791.881,4292.475,2012.442,22576.154,3067.836,3497.435,346.909,6447.931,1434.786,197.549,95.222,373.065,164.242,142.796,1039.276,417.931,74455.968,9720.9,1949.551,1690.718,2264.168,1295.827,554.837,824.44,653.928,5152.089,235.806,322.919,14951.31,8861.347,9848.641,1133.771,567.22,12706.867,9296.818,197.568,61.325,516.988,5.294,603.019,313.367,121.379,210.427,509.585,1213.641,26.98,28.96,6.356,340.468,56.386,82.381,2270.095,397.165,30.169,1972.825,1159.918,1411.049,62.213,8837.215,6751.782,8396.269,28.153,747.368,531.336,269.603,580.957,7033.323,6328.734,185.337,169.688,89.654,0,57185.905,1077797.9119999998,1038457.445,0,39340.29,0,0.177,0
D.31---Subsidios a los productos,90793.99399999999,3519.8750000000005,0,4.519,0.115,26.837,0.022,2.866,0.212,0.205,0.198,11.035,22.387,0.143,1.169,0.104,0.028,0.071,0.166,0.028,0.04,0.221,0.576,0.08,0.572,0.278,0.315,0.472,0.296,0.378,0.469,0.141,1.448,0.094,0.148,10.77,175.339,2.771,0.157,28.232,0.37,0.167,0.433,2.83,0.25,54.938,0.064,0.292,0.46,0.38,409.297,463.495,0.075,0.204,54.212,683.368,15.574,514.985,7.342,0.344,6.941,16.386,5.967,19.586,0.134,106.128,17.674,20.309,0.022,1.016,1.178,3.674,1.782,5.148,0.594,0.684,1.946,2.289,0,806.435,87274.11899999999,86940.416,0,333.703,0,0,0
"D.21-D.31---Impuestos sobre los productos, netos",1303024.833,312501.04000000004,1290.962,281.489,56.379999999999995,208.61700000000002,34.037,2789.015,4292.263,2012.237,22575.956,3056.801,3475.048,346.766,6446.762,1434.682,197.52100000000002,95.151,372.899,164.214,142.756,1039.055,417.35499999999996,74455.88799999999,9720.328,1949.273,1690.403,2263.696,1295.531,554.459,823.971,653.787,5150.641,235.71200000000002,322.77099999999996,14940.539999999999,8686.008,9845.869999999999,1133.614,538.988,12706.497,9296.651,197.13500000000002,58.495000000000005,516.738,-49.644000000000005,602.955,313.07500000000005,120.91900000000001,210.047,100.28799999999995,750.1460000000001,26.905,28.756,-47.856,-342.90000000000003,40.812000000000005,-432.60400000000004,2262.7529999999997,396.821,23.228,1956.439,1153.9509999999998,1391.463,62.079,8731.087,6734.108,8375.960000000001,28.131,746.3520000000001,530.158,265.92900000000003,579.175,7028.175,6328.14,184.653,167.742,87.365,0,56379.47,990523.793,951517.029,0,39006.587,0,0.177,0
UPC---Usos a precios de comprador,53215495.422000006,19085596.60100001,165381.25200000004,245198.26600000006,6137.069999999999,13318.701000000006,4510.699,264870.44200000004,156238.71800000002,91190.621,286259.804,1042722.7369999998,348974.70800000004,122743.38900000001,1473489.931,216367.34499999988,66957.98699999998,37670.826000000015,113622.82499999998,54838.853999999985,52350.32100000001,193291.18,55916.094000000005,838031.3550000001,752987.3599999999,385196.63599999994,240361.116,619465.5859999999,349195.5920000001,477911.50599999994,1494726.285,553273.7590000001,2735811.001,89391.03899999999,245381.135,651292.673,629895.8679999999,164859.59799999994,30520.664,13153.133000000005,391192.49199999997,277822.029,12998.862000000001,2363.0660000000007,79601.87299999998,935.806,24578.284000000003,35484.63599999999,23939.448000000004,33612.617999999995,48310.352,187975.117,7237.668000000001,1373.55,5059.089,261678.10500000004,14563.345000000001,203831.15300000005,201762.35199999998,37322.554000000004,1607.208,157854.56800000003,86766.71100000002,225835.26400000005,10796.050000000001,141375.11999999997,109879.12500000003,175490.29299999998,1818.7200000000005,17737.968999999997,15022.057,5249.09,43297.622,150767.98699999996,193346.13699999993,88777.13999999997,47965.086999999985,26296.13400000001,0,450565.8439999999,34129898.820999995,16292902.58,2721397.7669999995,5572111.527,103964.58300000001,9439522.364,0
B.1bV---Valor agregado bruto<C2>,,22873645.541,513016.72299999994,197577.55099999992,22707.526,9453.072999999995,6296.308,620557.5329999999,264065.394,61679.70599999999,460031.701,1110677.9360000002,200006.83299999993,180043.38199999998,907285.1249999998,232396.20200000014,35265.71700000002,26007.281999999985,70787.839,30375.77200000002,38576.38399999999,98976.22700000001,23308.083999999995,169287.14399999985,340508.33400000003,155494.20000000007,155513.31100000002,228606.72200000007,173689.75599999988,223486.9140000001,437835.7180000001,190846.1989999999,1078717.04,47586.247,96168.951,2324383.718,2229087.321,63149.89400000006,38161.56199999999,18764.324999999993,855057.1050000001,450057.45200000005,12678.599999999999,2479.9219999999996,154652.663,3961.699,21523.779,29755.13900000001,28898.915999999997,36856.422,40969.17,264491.23600000003,11627.535,1539.24,38078.365,678782.229,22931.665999999997,146867.74699999997,2082426.3059999999,43462.951,51266.139,462254.82899999997,126782.64099999999,778931.656,14760.198999999999,877694.904,245350.84,283227.8350000001,2749.1439999999993,16192.748,51523.443,7525.183999999999,56392.598,254788.54200000002,330830.7850000001,118296.48400000004,175477.184,56683.89499999999,100065.286,855373.4090000001,,,,,,,
P.1---Producción<C2>,,41959242.141999975,678397.975,442775.817,28844.596,22771.774,10807.007,885427.975,420304.112,152870.327,746291.505,2153400.673,548981.541,302786.771,2380775.056,448763.547,102223.704,63678.108,184410.664,85214.626,90926.705,292267.407,79224.178,1007318.499,1093495.694,540690.836,395874.427,848072.308,522885.348,701398.42,1932562.003,744119.958,3814528.041,136977.286,341550.086,2975676.391,2858983.189,228009.492,68682.226,31917.458,1246249.597,727879.481,25677.462,4842.988,234254.536,4897.505,46102.063,65239.775,52838.364,70469.04,89279.522,452466.353,18865.203,2912.79,43137.454,940460.334,37495.011,350698.9,2284188.658,80785.505,52873.347,620109.397,213549.352,1004766.92,25556.249,1019070.024,355229.965,458718.128,4567.864,33930.717,66545.5,12774.274,99690.22,405556.529,524176.922,207073.624,223442.271,82980.029,100065.286,1305939.253,,,,,,,
B.1bP---Producto interno bruto,24176670.373999994,23186146.580999993,514307.68499999994,197859.03999999992,22763.906000000003,9661.689999999995,6330.345,623346.548,268357.65699999995,63691.94299999999,482607.657,1113734.7370000002,203481.88099999994,180390.148,913731.8869999998,233830.88400000014,35463.23800000002,26102.432999999986,71160.73800000001,30539.98600000002,38719.13999999999,100015.282,23725.438999999995,243743.03199999983,350228.662,157443.47300000006,157203.714,230870.41800000006,174985.28699999987,224041.3730000001,438659.68900000013,191499.98599999992,1083867.681,47821.959,96491.722,2339324.258,2237773.329,72995.76400000005,39295.17599999999,19303.312999999995,867763.6020000001,459354.10300000006,12875.734999999999,2538.4169999999995,155169.401,3912.0550000000003,22126.734,30068.21400000001,29019.835,37066.469,41069.458,265241.38200000004,11654.44,1567.996,38030.509,678439.329,22972.478,146435.14299999998,2084689.059,43859.772000000004,51289.367000000006,464211.268,127936.59199999999,780323.119,14822.277999999998,886425.9909999999,252084.948,291603.7950000001,2777.274999999999,16939.1,52053.601,7791.112999999999,56971.773,261816.717,337158.9250000001,118481.13700000005,175644.926,56771.25999999999,100065.286,911752.8790000001,990523.793,951517.029,0,39006.587,0,0.177,0
D.1---Remuneración de los asalariados,,5974564.145000001,80837.436,37803.943999999996,737.445,3270.4369999999994,1503.624,31667.826,34377.412,5401.1539999999995,81098.02900000001,313016.87,45807.115,40203.12899999999,100808.301,21740.17,10744.706999999999,8223.948,36045.782,13354.677999999998,10345.630000000001,19458.992000000002,9981.887999999999,18150.621,57510.895000000004,39618.303,24577.209,24067.405,51706.071,67410.978,188393.44400000002,72152.197,164108.026,17903.75,40606.261,99337.05799999999,476225.737,14093.227999999997,3963.502,3371.9680000000003,148829.84,166872.893,2457.618,951.1730000000001,28080.96,3663.679,8194.306,14297.734,9756.502999999999,5872.924000000001,2541.134,48861.217000000004,3839.536,610.4470000000001,2586,163352.296,6203.965,33450.742000000006,54160.85599999999,6449.5599999999995,304.659,141228.136,19290.428,489228.43000000005,3814.4930000000004,756560.3369999999,168742.39299999998,249270.263,2218.165,9361.286,16103.795999999998,6452.393,10508.106999999998,49966.424,70156.99699999999,24433.288,17358.531,25185.472,100065.286,833656.708,,,,,,,
D.11---Sueldos y salarios,,4889091.205,80837.436,37622.936,737.445,2973.9519999999998,1292.902,26880.484,26430.499,4638.199,75102.611,293795.738,38335.628,37587.216,83509.538,16962.371,8857.883,6978.245000000001,31774.252,11334.925,9320.212000000001,14973.548,8237.793,9007.241,34613.338,31097.607000000004,18238.498,16233.92,40361.489,46008.355,135387.978,52943.194,120868.49,15926.179,32438.594,82363.29699999999,422509.23600000003,12125.430999999999,2929.525,2665.246,122377.14499999999,155282.518,2069.406,920.158,22109.695,3137.786,5780.107,11627.075,7404.799,4793.974,2128.172,35578.545,2993.915,425.552,1970,132396.525,5314.071,28196.328,46902.592,4935.465,261.281,119250.451,10725.142,387553.89300000004,3155.443,638701.113,120176.14799999999,152111.907,1822.749,7054.418,15012.154999999999,4786.804,8698.065999999999,41343.767,63174.475,21019.188000000002,16112.425,23459.971,100065.286,664361.264,,,,,,,
D.11_1---Salarios,,2613159.967,80837.22,37567.455,737.445,2867.906,1122.156,8533.536,21747.485,3699.113,65390.237,269779.416,25148.407,33045.583,61920.007,11938.066,7409.046,5665.926,27632.886,9469.131,8341.495,10167.574,5850.646,6597.534,22483.389,22162.954,14237.516,11182.83,27559.809,33729.47,100732.872,39550.494,93036.967,12366.494,25717.738,66588.976,372183.731,9557.746,1891.575,2250.819,89471.465,147312.301,1468.938,792.025,12502.667,1960.272,3773.896,7224.096,4787.825,2912.066,1526.186,25871.286,2225.504,216.887,0,0,0,0,43452.532,3864.117,226.619,65739.381,276.098,298948.429,2815.106,41884.305,12990.267,13547.755,948.995,3521.196,10862.84,560.398,6667.262,32296.728,59166.609,18417.143,14546.175,19615.662,100065.286,0,,,,,,,
D.11_2---Sueldos,,2275931.238,0.216,55.481,0,106.046,170.746,18346.948,4683.014,939.086,9712.374,24016.322,13187.221,4541.633,21589.531,5024.305,1448.837,1312.319,4141.366,1865.794,978.717,4805.974,2387.147,2409.707,12129.949,8934.653,4000.982,5051.09,12801.68,12278.885,34655.106,13392.7,27831.523,3559.685,6720.856,15774.321,50325.505,2567.685,1037.95,414.427,32905.68,7970.217,600.468,128.133,9607.028,1177.514,2006.211,4402.979,2616.974,1881.908,601.986,9707.259,768.411,208.665,1970,132396.525,5314.071,28196.328,3450.06,1071.348,34.662,53511.07,10449.044,88605.464,340.337,596816.808,107185.881,138564.152,873.754,3533.222,4149.315,4226.406,2030.804,9047.039,4007.866,2602.045,1566.25,3844.309,0,664361.264,,,,,,,
D.121---Contribuciones sociales efectivas de los empleadores,,721349.287,0,133.895,0,191.412,156.922,0,2674.343,543.385,4771.679,13389.528,5169.591,1823.715,7626.983,1694.607,1250.159,680.942,2846.17,1321.328,722.143,2258.839,1100.392,193.362,4674.425,4281.695,2078.373,3328.85,5626.711,9842.603,21919.581,8636.475,17874.388,1247.326,4447.54,9347.487,34116.171,1188.194,824.459,18.353,17731.605,6950.706,21.459,17.969,3663.767,516.38,1268.027,1078.539,946.661,705.565,254.607,6443.777,207.389,98.277,265,17531.329,670.24,2868.132,4667.217,570.378,25.853,13311.954,2936.526,27791.791,265.746,109776.737,47691.161,92885.747,355.763,2183.995,893.75,1525.845,1077.892,5891.078,3502.198,1075.514,955.845,1056.386,0,163666.456,,,,,,,
D.122---Contribuciones sociales imputadas de los empleadores,,364123.6530000001,0,47.113,0,105.073,53.8,4787.342,5272.57,219.57,1223.739,5831.604,2301.896,792.198,9671.78,3083.192,636.665,564.761,1425.36,698.425,303.275,2226.605,643.703,8950.018,18223.132,4239.001,4260.338,4504.635,5717.871,11560.02,31085.885,10572.528,25365.148,730.245,3720.127,7626.274,19600.33,779.603,209.518,688.369,8721.09,4639.669,366.753,13.046,2307.498,9.513,1146.172,1592.12,1405.043,373.385,158.355,6838.895,638.232,86.618,351,13424.442,219.654,2386.282,2591.047,943.717,17.525,8665.731,5628.76,73882.746,393.304,8082.487,875.084,4272.609,39.653,122.873,197.891,139.744,732.149,2731.579,3480.324,2338.586,290.261,669.115,0,5628.988,,,,,,,
D.29-D.39---Impuestos netos de subsidios sobre la producción,,130685.832,14.419,6.173,0.675,0.63,1.137,2131.17,1033.782,366.956,5752.339,5049.483,1467.625,728.747,5731.916,1045.297,237.367,115.226,410.783,202.082,212.565,685.077,175.942,1395.473,2533.766,1371.491,945.491,2034.191,1267.922,1354.781,4518.978,1451.927,9530.454,335.179,1081.026,8106.202,10751.635,548.804,165.312,282.672,2460.338,-5788.031000000001,61.716,11.645,563.119,120.278,110.903,152.915,133.738,165.537,183.402,1088.773,45.357,10.262,79,19653.374,293.732,616.487,4845.599,160.899,122.14099999999999,1386.9850000000001,1505.469,2416.203,61.502,3986.196,1185.036,1368.556,34.063,37.439,134.234,118.694,244.287,1057.903,1323.155,498.405,315.008,199.737,0,16677.081,,,,,,,
D.29_---Impuestos que gravan la actividad ,,138714.60599999997,14.419,6.173,0.675,0.63,1.137,2131.17,1033.782,366.956,5752.339,5049.892,1467.625,728.747,5731.916,1045.297,237.367,115.226,410.783,202.082,212.565,685.077,175.942,1395.473,2533.766,1371.491,945.491,2034.191,1267.922,1354.781,4518.978,1451.927,9530.454,335.179,1081.026,8106.258,10751.635,548.804,165.312,282.672,2460.338,1750.261,61.716,11.645,563.119,120.278,110.903,152.915,133.943,165.537,183.402,1088.773,45.357,10.262,79,19653.374,293.732,616.487,4993.33,187.781,127.844,1696.481,1505.469,2416.203,61.502,3986.196,1185.036,1368.556,34.063,37.439,134.234,118.694,244.287,1057.903,1323.155,498.405,315.008,199.737,0,16677.081,,,,,,,
D.39_---Menos: subsidios,,8028.774,0,0,0,0,0,0,0,0,0,0.409,0,0,0,0,0,0,0,0,0,0,0,0,0,0,0,0,0,0,0,0,0,0,0,0.056,0,0,0,0,0,7538.292,0,0,0,0,0,0,0.205,0,0,0,0,0,0,0,0,0,147.731,26.882,5.703,309.496,0,0,0,0,0,0,0,0,0,0,0,0,0,0,0,0,0,0,,,,,,,
B.2b---Excedente bruto de operación,,16768395.564000005,432164.86799999996,159767.43399999992,21969.406000000003,6182.005999999995,4791.5470000000005,586758.5369999999,228654.19999999995,55911.59599999999,373181.33300000004,792611.5830000002,152732.09299999994,139111.506,800744.9079999998,209610.73500000013,24283.643000000022,17668.107999999986,34331.274000000005,16819.01200000002,28018.18899999999,78832.15800000001,13150.253999999997,149741.04999999987,280463.673,114504.40600000008,129990.61100000002,202505.12600000008,120715.76299999988,154721.15500000012,244923.2960000001,117242.07499999991,905078.5599999999,29347.318000000003,54481.664000000004,2216940.4579999996,1742109.949,48507.86200000007,34032.74799999999,15109.684999999992,703766.9270000001,288972.59,10159.265999999998,1517.1039999999994,126008.584,177.74199999999996,13218.569999999998,15304.490000000009,19008.675,30817.961,38244.634,214541.24600000004,7742.642,918.531,35413.365,495776.55900000007,16433.968999999997,112800.51799999998,2023419.851,36852.492000000006,50839.339,319639.708,105986.74399999999,287287.0229999999,10884.203999999998,117148.37100000004,75423.41100000002,32589.016000000072,496.91599999999937,6794.022999999999,35285.413,954.0969999999993,45640.204000000005,203764.21500000003,259350.63300000012,93364.79100000004,157803.64500000002,31298.685999999987,0,5039.620000000119,,,,,,,
PT---Puestos de trabajo,,59505022,6314247,1081410,72311,178059,20117,37973,198267,24300,220138,3547843,537624,1119582,1719351,177209,129826,235254,604448,180477,194947,139795,108209,32092,206295,245761,385252,96819,536296,345940,1098979,371272,789459,341566,460537,1637202,9865706,33344,11262,7482,1098129,1589550,4086,19444,179416,14929,60805,152391,67830,38519,22665,112659,21480,3830,3317,214283,13362,135021,706628,119756,3427,990154,41634,5026717,104227,2571155,781202,614320,32725,204500,168582,17667,170607,582077,2625905,1164581,1119234,310319,2374735,2716503,,,,,,,
PTDRS---Puestos de trabajo dependientes de la razón social,,58517123,6314247,1081410,72311,178059,19189,37965,196748,23598,219127,3518468,531652,1115997,1713261,174789,129324,234773,601652,177757,193496,138996,106313,31960,204484,244298,381211,92916,526322,332295,1079733,356548,768462,339224,454301,1599812,9552234,33222,11241,7444,1094129,1583272,4082,18965,175984,14929,60805,150554,64215,33837,19539,105745,20549,3475,3317,204216,12973,114758,683828,116794,3292,949348,41448,4995980,104029,2429251,757462,603842,31303,202069,162639,17077,161782,577458,2583436,1134042,1094170,296452,2374735,2716503,,,,,,,
PTR---Puestos de trabajo remunerados,,39705347,2350364,460837,16410,71651,17799,37965,179383,23490,213697,2789142,474491,592525,1041861,129645,86049,102901,399487,151469,123642,111142,86814,30890,187737,237797,182381,87547,384260,324190,1052739,349006,754539,184641,307370,1319994,3724523,33181,11241,6473,985007,1274329,4082,11024,162679,14929,39707,138844,56378,32891,16464,94455,19406,2849,3317,204216,12973,114758,558568,63087,2330,690589,33090,4838958,39586,2295974,557609,598380,19123,89918,86567,15385,103745,534273,1337717,410743,306133,204753,2374735,2716503,,,,,,,
OT---Obreros y técnicos,,30007952,2350363,460270,16410,70302,15715,27272,152035,19287,169119,2550917,383136,539962,898835,106471,78557,94733,365568,135888,115315,88969,70364,27287,139903,199529,163496,69099,306897,265440,901879,295819,646861,156472,272090,1227936,3537655,25206,8987,5773,789953,1223125,3650,9738,113558,13360,26357,103337,40772,24964,12267,72553,14997,1847,0,0,0,0,528668,52520,2099,446521,3207,3681022,36055,406040,185936,81082,14667,67523,66836,3809,91066,457541,1285042,365129,282498,165661,2374735,0,,,,,,,
Emp---Empleados,,9697395,1,567,0,1349,2084,10693,27348,4203,44578,238225,91355,52563,143026,23174,7492,8167.999999999999,33919,15581,8327,22173,16450,3603,47834,38268,18885,18448,77363,58750,150860,53187,107678,28169,35280,92058,186868,7975,2254,700,195054,51204,432,1286,49121,1569,13350,35507,15606,7927,4197,21902,4409,1002,3317,204216,12973,114758,29900,10567,231,244068,29883,1157936,3531,1889934,371673,517298,4456,22395,19731,11576,12679,76732,52675,45614,23635,39092,0,2716503,,,,,,,
"PFTNRD---Propietarios, familiares y otros trabajadores no remunerados",,18811776,3963883,620573,55901,106408,1390,0,17365,108,5430,729326,57161,523472,671400,45144,43275,131872,202165,26288,69854,27854,19499,1070,16747,6501,198830,5369,142062,8105,26994,7542,13923,154583,146931,279818,5827711,41,0,971,109122,308943,0,7941,13305,0,21098,11710,7837,946,3075,11290,1143,626,0,0,0,0,125260,53707,962,258759,8358,157022,64443,133277,199853,5462,12180,112151,76072,1692,58037,43185,1245719,723299,788037,91699,0,0,,,,,,,
"PSORS---Personal no dependiente de la razón social, personal suministrado por otra razón social",,3801864,0,1020.9999999999999,0,1983,3195,28,47755,12909,3951,63118,55086,1707,157387,43477,14926,5512,26318,9977,4152,29514,12884,2476,62741,101211,59893,47172,64035,43044,64495.00000000001,60244,261036.99999999997,12956,22037,773819,303793,11597,4320,3469,23451,12445,755,1085,73181,0,15234,24891,20241,13725,20622,73812,7447,1158,0,170706,3172,34365,44194,19309,916,98154,14392,162058,6220,42279,13567,35159,494,773,4107,2847,33843,212770,183501,21081,11973,4698,0,0,,,,,,,
"PHOCSS---Personal no dependiente de la razón social, personal por honorarios o comisiones s/sueldo",,987899,0,0,0,0,928,8,1519,702,1010.9999999999999,29375,5972,3585,6090,2420,502,481,2796,2720,1451,799,1896,132,1811,1463,4041.0000000000005,3903,9974,13645,19246,14724,20997,2342,6236,37390,313472,122,21,38,4000,6278,4,479,3432,0,0,1837,3615,4682,3126,6914,931,355,0,10067,389,20263,22800,2962,135,40806,186,30737,198,141904,23740,10478,1422,2431,5943,590,8825,4619,42469,30539,25064,13867,0,0,,,,,,,
