,111,112,113-115,114,21-1,21-2,22,23,311,312,313-314,315-316,321,322-323,324-326,327,331-332,333-336,337,339,43,46,48-49,51,52,53,54,55,56,61,62,71,72,81
111,0.0098920997767942,0.0392431096870105,0.0055564462299292,0.0005218741412065,0.0,0.0,2.947909744731718e-08,0.0002465275077643,0.0423224540007537,0.0184400016183647,0.0701966715107367,0.0024248133400245,0.0047224959927889,1.353193505042651e-05,0.0005470206281601,5.628047299958582e-06,9.4824227014638e-09,1.2375721554613255e-09,4.6058426881267e-09,0.0005600262094502,1.1534002244188237e-07,0.0,0.0,2.329538658513499e-07,0.0,1.2729245243321856e-08,0.00011816474552499999,0.0,0.0,2.689707218784801e-06,0.0009403712289398,0.0,0.030904026036828,0.0002481302973205
112,0.0074198850608302,5.105555220552117e-06,0.0,0.0,0.0,0.0,0.0,5.916735995152324e-11,9.355621972922034e-05,8.900731378570763e-09,2.055796612370197e-06,7.698471415616527e-09,0.0,0.0,9.33181406109338e-08,0.0,0.0,0.0,0.0,3.616429057091638e-07,7.291413035912973e-10,0.0,0.0,9.580268934519414e-11,0.0,3.566207742619717e-11,1.2497751574188174e-06,0.0,0.0,0.0,2.254628166013029e-07,0.0,7.197902872916185e-07,4.044314113798233e-09
113-115,0.0010133848136841,8.906614961316966e-06,0.003081762431244588,2.1912750066442844e-05,0.0,8.618443390001033e-07,3.047707103378716e-08,1.5509251579678477e-09,3.925377468229187e-05,0.0,0.00015315411783608195,6.945979050342277e-05,0.007256643033751497,0.00010252667626354324,4.707770990414852e-05,1.0579465538961959e-05,5.63102123322959e-07,2.79537674746515e-08,0.00014391752233623817,0.00013555776663819936,2.725254568480266e-07,0.0,0.0,1.6055432249492965e-08,0.0,3.915644363355719e-08,2.6289732005424476e-07,0.0,0.0,7.989294263467256e-10,3.1191774172888484e-11,0.0,1.809222625840877e-10,3.3972170164033533e-09
114,0.0,8.923144205877316e-12,0.0,1.1941123908348494e-06,0.0,0.0,0.0,2.4936802077621858e-12,1.255617067337201e-06,0.0,0.0,0.0,0.0,2.4069591072956342e-08,0.0,0.0,0.0,0.0,0.0,0.0,0.0,0.0,0.0,0.0,0.0,0.0,1.153020271193515e-08,0.0,0.0,0.0,0.0,3.2236706064487585e-09,1.0501661898707672e-06,0.0
21-1,0.0,0.0,0.0,0.0,0.0,0.0,0.0,0.0,0.0,0.0,0.0,0.0,0.0,0.0,0.0,0.0,0.0,0.0,0.0,0.0,0.0,0.0,0.0,0.0,0.0,0.0,0.0,0.0,0.0,0.0,0.0,0.0,0.0,0.0
21-2,9.174902815063574e-06,3.0365331033851557e-05,5.377437081768136e-05,0.0005748783559857,0.0,0.0074398227217248,0.003519111111968,0.0031197093010047,3.967960485197364e-05,0.0001296506565465,1.8200323778469857e-06,2.151573378500148e-06,3.116850461958617e-07,0.0001110216829723,0.0003051479780249,0.0765596721012058,0.0436295931442551,2.4413269084600408e-05,2.817858595887194e-07,0.0008556814576383,3.622522734989481e-07,0.0,4.949907842180876e-05,9.299792425716937e-05,6.082471192192724e-07,1.7910380872446855e-05,1.7391566123693954e-05,1.75275643074768e-05,9.050233806207637e-06,4.31547540381263e-06,1.3406489646437928e-05,1.5384314616721988e-05,2.4043294496907997e-05,2.663619302409029e-06
22,0.0048111414008073,0.0008464958055988104,0.00866327085611483,0.0008442505059788181,0.0,0.0348717556820428,0.021911081302735325,0.001553361934368413,0.0027740773993333804,0.004733148131789646,0.018700080093336905,0.017197088311857275,0.008697371558258359,0.008520681092373297,0.0062036294092258585,0.015393548347309953,0.016921121463984713,0.00441946568211886,0.0035337516056982298,0.006298540466533251,0.006095491542666359,0.03209195380791419,0.0009872630063202405,0.010676818971540436,0.004934322476485933,0.018945554584690723,0.005989957288115702,0.000903702380474824,0.003440641224843908,0.014044970736495507,0.004008898664632456,0.008982290811517225,0.0037202797010208845,0.0069196709689539025
23,0.0,3.3994713810259853e-06,0.09058652019003426,2.2384519616854986e-06,0.0,0.0100915037490009,0.00011733808478275702,0.13887096386026912,0.00024745264297359527,6.28683821852825e-05,0.00012535368001932357,0.00035120430552056754,3.4388833171449865e-05,9.735799287334663e-05,5.9157486211448364e-05,4.673527361964615e-05,1.467068028443256e-05,3.88308860442304e-06,4.533174804215614e-05,5.2961545712537574e-05,0.00045864491372141165,0.0006014672880697536,0.00012935529831972802,0.00021141783609766434,0.002585715770966188,0.0006213631065083706,0.0014737454424626141,8.33652936393341e-06,0.0010545167396895374,0.012814635102687367,0.0035009806532482635,0.004489493185127892,0.00017187263859659997,0.00043033203540510594
311,0.0,0.23775888031675588,1.1511299151617616e-06,0.1784732859156056,0.0,6.805955978787112e-05,2.1891310130553293e-07,8.824314460983043e-06,0.35689223753844446,0.19080668708189014,0.00037918978529740224,0.07464501544437904,1.2597128673253847e-06,0.019679932459896216,0.012656775865924138,0.007364086436416498,7.686719697860504e-07,4.711939440207775e-07,0.0,1.2103456801016427e-05,0.007397229147274281,7.660653645778762e-06,0.012313653974980377,0.02844969326649093,7.8303834315546e-05,0.03911981577345332,0.013876131739732796,0.00602646709660357,0.07327026147639273,0.025095164068684703,0.05799615413469444,0.10322450299558837,0.22694237776790147,0.053765856584092234
312,0.0,5.643240433595967e-05,7.3677722453104e-07,0.0007890038037299061,0.0,2.582110958370912e-07,3.9823216117986606e-05,9.155112042848137e-05,0.00043631662587275284,0.012375446686175861,0.0012126285313086274,0.0035414809305367783,0.0005615036369463955,0.0006428617152721808,0.00554852134821251,0.0052546918460058874,0.000543043447187613,0.00041232614595310363,0.00034894992373845154,0.000800471926023847,0.0004826113206175125,2.9498953669315357e-06,0.000873369127151833,0.02315894321899432,0.0017778909641833244,0.03424329791651771,0.004730755343145128,0.005020379299793129,0.005458737549601433,0.004316394330271518,0.0031696132483060033,0.044624330474146365,0.05368105847025549,0.004042611745950315
313-314,0.0001145746973817,2.596757270590354e-07,0.0006847850270368552,6.392491462031408e-06,0.0,0.0,4.048044171577483e-08,1.4670933957263375e-06,4.75950159242416e-05,7.971451777133963e-08,0.03063345334393517,0.019851092148657462,0.00011953592191907592,0.003814165911819854,7.950422093354834e-05,0.00016090672804888699,3.410392307199744e-05,0.00043402223854064015,0.003287980450321208,0.0022090708749989882,0.0003969176833557112,0.0004931143592383342,7.101526267238598e-06,4.314439973499852e-06,1.7195164483215449e-06,0.00010272500791727632,9.367331511838196e-06,9.45734391472543e-06,0.0007465863040157632,0.00011509804057282307,0.00027590297887268415,0.0006637503746806802,0.00040383919657595226,0.0009422978223331435
315-316,0.0,1.8511912596808325e-06,4.384381828536646e-05,2.5597029325923728e-05,0.0,0.0003116677713536,8.388985608299423e-05,0.001070616108548392,5.0210883334652124e-05,1.8447139278659255e-05,0.0006233044084844976,0.07404970849168908,2.687564610176903e-05,0.00011421650675466309,0.00019174855798232,0.0004085498683530876,9.286263974879644e-05,0.00016067495689845948,0.0018594886428316842,0.0011708231267744424,0.0003392761030571284,0.00013154989062591832,3.060031542370893e-05,0.00022836349313249183,5.723014154859239e-05,2.379453782089392e-05,6.54527481500489e-05,0.00010439792523071359,0.0002570494183910956,0.0008549610633886308,0.0005277705857139679,0.0022132121854133574,0.00011658867936663222,0.00029019894890099275
321,0.0003995586681353,4.3661709888869713e-07,0.00011060858363994476,0.00013681591767756348,0.0,0.0245435787830029,0.00012134102775651802,0.001640255085836984,3.22836843757699e-05,0.0002063129636359432,0.00042749571961153894,0.0005087956638231553,0.03934248757469326,0.00013508473482195076,0.00011615377429774438,0.00037561688098902116,0.0007226403753266649,0.00026570661962705316,0.0166351077346773,0.0021332548743760523,0.00034054443514525075,0.0002852551177690546,0.00015745493464599004,0.00027852029607576485,5.527833187349335e-06,0.0003141297713035121,0.0001336817597108425,1.7551526295012316e-05,5.8066691476981186e-05,5.648576613528621e-05,0.0005134595664764692,0.00015038643679228753,0.00030815683046446854,7.397779744805323e-05
322-323,0.0005113635639622,8.511978745593069e-05,0.005227809955033861,0.00030304038944295946,0.0,9.641044024295715e-05,0.00011507759310391885,0.00012328722995799785,0.001082881011264285,0.002187090596526775,0.003966482958611117,0.008662374408755166,0.0018235253592792642,0.07297228801674725,0.0015379785535068037,0.008385024879931455,0.003631222506683321,0.004733351560640085,0.008811195476764816,0.024117478018837783,0.006398851578229272,0.004990332341534696,0.00016865047199179117,0.0014429718766764638,0.013745683500691034,0.0013047793274249902,0.012383202492289833,0.002081011957053247,0.004420356067375702,0.009086129055149527,0.0026084607154683776,0.012869147707930835,0.0027658035036526455,0.0014768347110929159
324-326,0.0249556816363623,0.007283999557538389,0.2319352803193776,0.09714148592811746,0.0,0.0799264113729956,0.5452797274450568,0.08677203259193056,0.04173407138080398,0.21666187662000425,0.22856765473031831,0.10552913085973696,0.18847992425720458,0.19266741463210627,0.31053598696584517,0.20113774265800566,0.08708705499516262,0.09389102432971876,0.20425888152706423,0.15963070121648423,0.03376309252720658,0.04655924606848494,0.24870999760839696,0.07058793247006499,0.01774822177583623,0.08596521879992017,0.06775276669277648,0.018134487703695377,0.10878948808059836,0.04609310782457448,0.1786376208887413,0.06944357578435084,0.038312036631414643,0.126821288652448
327,3.829742876167455e-05,1.2871713467662118e-05,0.0005780971025247593,0.001544223701447492,0.0,0.0022313873257576,7.26649362807501e-05,0.014967781134199155,0.0006282659847183051,0.008915643528932522,6.213368623115008e-05,0.00011048037464091384,0.0008452283537757609,0.0001229784549405805,0.00041940779018470755,0.04244102802376485,0.0005490115399310951,0.00048802973091793784,0.0013565589298538984,0.00188681230892561,0.00039823028589375194,7.410072420811543e-05,0.001122325294531097,0.00322638556224353,2.826595186274476e-05,0.003126255684339889,0.0012874989947560184,0.00013729007628581174,0.0003437169263318222,0.0002494386623913883,0.00013159914159021108,0.0006504762622725565,0.00040656687465589423,0.00022736619494914497
331-332,3.2612590653068706e-08,0.00016321001336389466,0.011267864396903228,0.002802996456752173,0.0,0.0035524665118571,0.034641680308395234,0.03817712393118449,0.00062891967757839,0.01352692413661994,0.0005482789275471938,0.0009604823370145138,0.00809610572730785,0.001247988142607576,0.0015019199825160648,0.007523393307363247,0.09286619896875783,0.022480802003859542,0.027676690472356425,0.02500258905147671,0.00035494856023438515,0.00048198333560563146,0.004454263822784828,0.007571922375026678,6.127781320532895e-05,0.004669887071208194,0.001530013073587797,0.0007589051204372082,0.0030982364538364193,0.0058206179918316656,0.0015544320911175297,0.004493525004330175,0.0006545070231545334,0.01734975300057683
333-336,0.0011614563168143,0.00018993851779790157,0.007793493073107203,7.554246925897287e-05,0.0,0.0062714729677608,0.008187666408380442,0.016632156270689046,0.0003676103017364959,0.00037833815345939995,0.010923953428267807,0.009776918253550931,0.006452785977511942,0.005934003317934174,0.0036139000763739794,0.006796532275876045,0.027372037063440022,0.1263872366887912,0.02062529687578787,0.04025266709518332,0.022605628049019,0.01706763823151746,0.0228476755937253,0.06245000543167439,0.014367191947316598,0.019645676265631677,0.03537139917048602,0.0013435895852172512,0.010028915761100864,0.003924491697378676,0.0011607515988310258,0.004484640098835633,0.004815933268992797,0.03403693668202323
337,0.0,0.0,0.0,0.0,0.0,0.0,5.8840419167960025e-06,0.0008698601596472276,4.4242587107912784e-07,2.7921894255050806e-07,0.0,0.0,4.2353361263955406e-06,3.6781973963087723e-08,0.0,0.0,5.718613826886545e-07,8.236388479065386e-06,0.008406817356496732,7.128609795211993e-06,2.932555990618355e-06,6.456751069942811e-05,0.0,1.044866610982197e-06,0.0019815680943104648,2.8243379738227046e-05,5.445548492632473e-05,9.486686857922734e-05,5.0656072302980474e-05,0.0006424243056961074,0.0001033797269518939,0.0003209173606821723,0.00013295144768816128,1.4453428621423212e-05
339,0.0,1.2765306043917625e-07,0.001363174193706075,1.9888729051471967e-05,0.0,0.0004549244444443,0.000246549592297389,0.000943687727128295,5.237056142157732e-06,9.616210682485335e-07,0.0004436261353735441,0.002273863276854462,7.78785553159873e-05,0.0002065453340920211,0.000234343448851011,0.0011062705487015496,0.00017506511207871127,0.00018787291601414242,0.0001419019675435973,0.016280575879168098,0.00014239073121045462,0.0002542925157998853,9.81893173495465e-05,8.108258094715252e-05,0.0013415188693284388,0.000126181491390205,0.0016048629676539193,0.00021453621650419514,0.00017865344566536678,0.0007418566988330855,0.0025666694024143776,0.0008758955975398489,0.0005920950544841715,0.000658458495059548
43,0.0106416858417669,0.03192693980567587,0.08361193332943063,0.024376943533842666,0.0,0.0119828075585205,0.11004311265972146,0.19448997567531517,0.09495197770299092,0.08774945653741158,0.09021387023546198,0.12375621171761904,0.15342284798874792,0.17904448388550512,0.1324337047010451,0.12474895899232774,0.16949398312044284,0.15177019137075942,0.16714677207693823,0.10849152666008001,0.05383877588752312,0.023522660898520956,0.04872759174408174,0.07092785860168936,0.03404023969218602,0.08180079122765924,0.09057936041410265,0.006489861270020275,0.05598245743553205,0.04139516370076877,0.08065110445480102,0.08319802300992642,0.06003519773949835,0.09007527720156132
46,0.0061935366459618,0.02313828145283998,0.10003185381083567,0.02916413460146793,0.0,0.0115129000021579,0.0891957807978978,0.14093844506869832,0.06881417585661916,0.06359428466705917,0.10793075239463731,0.11837339349989967,0.12675789045968394,0.1432759606582323,0.09599408004989528,0.149248029376385,0.1811918641432794,0.10999180823669931,0.12113587057007993,0.12979770536902677,0.038993781676624865,0.01704748632896442,0.035314146785323325,0.08086235278777608,0.024669841925460068,0.05934906716009649,0.06561417993862141,0.007764379449321961,0.04057194478781861,0.0331106959528087,0.058449967298332794,0.06029571069359466,0.04350906580748928,0.06527982941093623
48-49,0.0029509637648751,0.0022596124605224555,0.012653272190686198,0.03708425605294082,0.0,0.0114844252501636,0.00910733897917747,0.011517603314745243,0.0074412668984352535,0.011763666868472578,0.013472647709067104,0.011481720380242684,0.012575217843951091,0.011347399542086566,0.01009189041282232,0.01794995777647494,0.019349406135623075,0.00873689816126875,0.007770916566211873,0.00892999898405579,0.025584528452276656,0.030037098118244763,0.048432857146864336,0.01771795176927707,0.022650809423373202,0.015053146131395566,0.013639707351857657,0.003849909447491844,0.009750006730251446,0.0104406495149851,0.005281966232545892,0.007682896210335228,0.004156243999470065,0.0075893260003721645
51,0.0,3.3414935876379524e-06,0.005179529816533066,0.0009987225435372379,0.0,0.0019289858280559,0.0006478641775867227,0.0008695506314376894,0.00047958959051039497,0.0006033879244631726,0.0005781224948128139,0.0011192835456442709,0.0008192295520431252,0.0009960796383969937,0.00036068186001858224,0.0014915379668886857,0.0009508974668236647,0.0004015663432542693,0.0006601364848826765,0.0007343002078254097,0.004219215311354952,0.0035489861506224226,0.001587539092543692,0.04537137589891197,0.009379698612303337,0.01065421512252019,0.008637023586719776,0.022294292210354012,0.006229890063653035,0.008181258164706317,0.001278282353754526,0.005514117308674799,0.0022102267443470315,0.0035816638933447646
52,0.0013979545984762,4.178457842724774e-05,0.00031436027089358113,0.0001018146852204379,0.0,0.0115991320401501,0.0009510749551892042,0.000633440142823838,0.000217985233786395,0.00022010332740719665,0.0006397516880980929,0.0007602528360665083,0.0005705449046256005,0.0008852561991069517,0.0004755498983972467,0.0012865040671808773,0.0010515212908976967,0.00017122084246763946,0.00030702261408240423,0.00028548339590188403,0.008928311787596928,0.0069190327550603704,0.0006965001771691943,0.0031788544798760925,0.053889035703159,0.0012169254084096687,0.002007787466247849,0.01815817349990375,0.0005894495315750296,0.0009414621313570431,0.0008223758671103341,0.0002793558559523452,0.0003935838521353483,0.0001370044704810042
53,3.136886104444595e-08,5.037295388189626e-06,0.000627526945785718,0.00012172156403927844,0.0,0.014709497539195,0.0010093169801868032,0.0012083044860519288,0.0005347906810324367,0.000689219659370101,0.0016569592662740672,0.0026585465192082796,0.0012771813063674727,0.0015296037843395313,0.0005831732326805955,0.0009883522213119025,0.0010002543774531418,0.00077362920549338,0.0019158212558879077,0.0010908196248338741,0.007351679321360349,0.018023392033160893,0.0010347370944208984,0.018181715293312844,0.00859734379350613,0.004844789930761591,0.00479836261262924,0.001829454697302705,0.002169069211690283,0.004263173566457233,0.002000455495267169,0.0068469464186612285,0.0025371065363916723,0.005326372768274817
54,0.0001087720165303,5.3340109834513786e-05,0.012921916014987931,0.0009434559334720852,0.0,0.0194433792606721,0.010989923285073836,0.006252341136023405,0.0012643149276864137,0.0011928676799104275,0.0008638801588031014,0.001916617965169644,0.0011552634288305472,0.0025783720189162516,0.0011990207369762433,0.001423823622298252,0.0019450359475923287,0.0010102073646215052,0.00160437804771864,0.0008274220874027702,0.009157844696387373,0.01250455865459162,0.0023431359145921152,0.01882689166138024,0.017760181544942404,0.026730669451413187,0.015621727742646361,0.013903058404336885,0.006444676146565721,0.00790901286079017,0.003759314244770523,0.003656442592292311,0.000861670912261347,0.00484930319858076
55,0.0,0.0,2.130456555852498e-09,0.0,0.0,0.0002917957003149,2.6218829173204007e-08,1.2925910560670046e-06,7.639472319496356e-07,4.235442833310112e-07,1.2469293448902e-06,2.4336952452261833e-07,7.579345829572191e-07,3.611306765777972e-07,0.0002774580634545777,9.681599119493673e-07,1.5806929440578257e-05,4.702674851568452e-08,0.0,1.3938444365832262e-06,0.0006321180676341346,0.0005084678780125805,8.173996963154565e-06,9.702015424548442e-05,0.0006987031252464201,2.6640440273243907e-05,1.706140862076779e-05,0.009825353308889095,9.40553338400823e-05,2.2266443971999004e-07,5.205543182715027e-09,1.950717841252841e-05,1.9712810757700373e-05,2.743216774167399e-07
56,0.0,1.8878696675314278e-05,0.005954408553883832,0.0019608816359798953,0.0,0.0360749024957827,0.005492665829186317,0.001994439209410047,0.002349430147395365,0.007267965846872057,0.007018787854821895,0.009375977378940142,0.003561965136498495,0.00857841578133736,0.004722114319653159,0.009412067651720321,0.010197218151835058,0.003914194991357285,0.0033523401616947423,0.0038020436000269016,0.0299843622815173,0.01952256101704271,0.003458412889854976,0.040981864355279375,0.07877584429183758,0.008108541168397885,0.011961342012784974,0.002471518388946886,0.00750742245639912,0.009961740282791055,0.006974077472415788,0.01999796607249518,0.010415209010411106,0.0036628795862100097
61,0.0,6.032144188644862e-08,0.00016287915626595745,8.529485692212e-06,0.0,2.9737892760427152e-05,7.721337403555217e-05,9.995162182736267e-06,1.1672210930680003e-05,1.6020931650558084e-05,1.843821559286219e-05,6.970031143118798e-06,5.087017277769557e-06,1.7069678250697734e-05,4.79526221208404e-06,2.0714474916928084e-06,1.843509825210112e-05,0.00016217011134106674,5.367781079494783e-06,2.1085973989776377e-05,6.3058159187957495e-06,1.6709055054145188e-06,6.738997050810182e-05,0.0008704934186716247,2.4708044335448098e-05,0.0004554324527759825,0.0008828444965801563,0.0,0.00025376968869002037,0.0006584981933171513,6.54125423749731e-05,0.00026533370197051283,2.37603872491359e-06,6.40602050304442e-05
62,0.0,0.0,0.0,0.0,0.0,3.883634454955169e-06,2.6670396549757212e-08,3.3639782886413003e-08,1.3418751225267321e-08,7.532150250076067e-09,0.0,8.184076431876176e-09,0.0,7.361346963546146e-08,1.5546455519540873e-05,0.0,1.3216027797418137e-07,0.0,0.0,0.0,5.0696643448355506e-08,3.6522720226476567e-06,0.00027439851458666215,5.804912023064626e-08,0.03331369427314833,1.2974505436631234e-06,5.007080764985166e-06,4.895633604539238e-06,8.793638783604955e-07,3.345539436480292e-05,0.011911580700735398,8.023789198134304e-08,2.60951563479546e-05,1.0652084043565722e-05
71,0.0,0.0,0.0,0.0,0.0,1.5054753689042295e-05,5.9640443703468445e-09,2.0976979483810527e-07,2.058817952951227e-08,1.1678106932839733e-08,9.061723888339249e-07,0.0,0.0,0.0,2.089066304329205e-07,2.132562672128493e-07,1.925164562004039e-06,1.1963072206812635e-07,1.723611980119564e-06,0.0,5.714674152778334e-08,1.3360789819340627e-06,0.0,1.3854066469465302e-06,0.0,5.5374713330140034e-08,1.1909031124124022e-07,0.00012027611696762906,0.00019219239181314773,0.0001545290936511122,4.5881990667875496e-05,0.00042017319297747637,2.653218773765381e-05,4.7449910724564846e-05
72,0.0,3.7524410483639282e-06,0.0038580817013162865,0.001814799924996701,0.0,0.0015598200812301,0.001234678691235834,0.000944337552377771,0.00029975150423045975,0.0002321253093458722,0.0005011777923007663,0.0008467508948448847,0.0007411119660932846,0.001747291860314654,0.0012030527746827947,0.0011811775873055359,0.0015416128472242154,0.001136395973826065,0.0007471648147156878,0.0006573787797078243,0.0015052895022642904,0.0009496056676595115,0.0028728107810583052,0.00818730173180372,0.0088142003834063,0.004490029797173554,0.00725098354922577,0.0013835431261679252,0.0014580355570103253,0.012703765712860826,0.0030469785147975207,0.0014875515984517267,0.0009694904087927152,0.0015481461044349128
81,0.0004945387276344,0.00011152821039130101,0.002257222562301055,0.0011495622055916052,0.0,0.0071683953791944,0.01474776720753063,0.0023003516572773744,0.0006407223550789515,0.0009814540929831389,0.0006235233032819352,0.0008178890915851911,0.0009875119174994524,0.002096650989412143,0.0014039728007966491,0.00136515005536616,0.0017673723253240042,0.0008993526228713418,0.0005803657789975369,0.00033622272726904675,0.0011279329763256025,0.0018520640844157347,0.007404711801044227,0.007329322004136862,0.00739277265272412,0.004031664568670373,0.004823979719122991,5.367564352047421e-05,0.0008752458340002759,0.005597531192256681,0.004443794966690205,0.006301866374808067,0.0007537682398036136,0.0020037872456106355
